EMP_ID,First_Name,Last_Name
1,Rajesh,Reddy
2,Anjali,Malhotra
3,Sanjay,Kulkarni
4,Swati,Rao
5,Manoj,Pandey
6,Nitin,Pandey
7,Swati,Patel
8,Varun,Agarwal
9,Harsh,Sharma
10,Neha,Thakur
11,Amit,Kumar
12,Anjali,Menon
13,Anjali,Iyer
14,Divya,Malhotra
15,Ramesh,Rao
16,Rahul,Desai
17,Nisha,Mishra
18,Priya,Chatterjee
19,Pooja,Das
20,Divya,Rao
21,Ravi,Das
22,Tanvi,Ghosh
23,Gaurav,Naidu
24,Vikram,Sharma
25,Neha,Tripathi
26,Rajesh,Verma
27,Naveen,Menon
28,Anjali,Thakur
29,Anjali,Mishra
30,Deepa,Malhotra
31,Harsh,Naidu
32,Lakshmi,Tripathi
33,Rajesh,Menon
34,Nisha,Desai
35,Gaurav,Gupta
36,Anjali,Kulkarni
37,Harsh,Menon
38,Rekha,Jain
39,Divya,Singh
40,Rajesh,Bhatia
41,Vikram,Joshi
42,Divya,Mishra
43,Bhavna,Yadav
44,Rahul,Desai
45,Sneha,Kulkarni
46,Sanjay,Jain
47,Sneha,Mehta
48,Sneha,Bhatia
49,Neha,Desai
50,Priya,Yadav
51,Lakshmi,Patel
52,Meena,Yadav
53,Shweta,Joshi
54,Nisha,Kapoor
55,Ishita,Menon
56,Harsh,Rao
57,Priya,Rao
58,Sanjay,Kumar
59,Sneha,Malhotra
60,Tanvi,Patel
61,Tanvi,Mehta
62,Ramesh,Nair
63,Bhavna,Singh
64,Nisha,Yadav
65,Anil,Desai
66,Kunal,Desai
67,Amit,Jain
68,Pooja,Reddy
69,Harsh,Jain
70,Gaurav,Patel
71,Manoj,Jain
72,Varun,Chatterjee
73,Vidya,Bhatia
74,Harsh,Gupta
75,Ravi,Tripathi
76,Lakshmi,Verma
77,Nitin,Yadav
78,Kunal,Nair
79,Pooja,Malhotra
80,Vidya,Tripathi
81,Amit,Agarwal
82,Lakshmi,Joshi
83,Swati,Ghosh
84,Pooja,Ghosh
85,Pallavi,Joshi
86,Shweta,Singh
87,Nitin,Shetty
88,Manoj,Mishra
89,Bhavna,Yadav
90,Ravi,Iyer
91,Anjali,Agarwal
92,Priya,Das
93,Pooja,Menon
94,Rekha,Singh
95,Smita,Agarwal
96,Sunil,Joshi
97,Swati,Joshi
98,Naveen,Jain
99,Harsh,Kulkarni
100,Sunil,Rao
101,Karan,Desai
102,Anjali,Shetty
103,Harsh,Sharma
104,Lakshmi,Chatterjee
105,Meena,Bhatia
106,Varun,Bhatia
107,Aarav,Mehta
108,Ravi,Jain
109,Ishita,Kulkarni
110,Vidya,Mishra
111,Suresh,Reddy
112,Vikram,Patel
113,Vidya,Pandey
114,Amit,Malhotra
115,Harsh,Kulkarni
116,Priya,Verma
117,Deepa,Kulkarni
118,Pooja,Nair
119,Swati,Kapoor
120,Kavita,Verma
121,Manoj,Mishra
122,Vidya,Kulkarni
123,Deepa,Ghosh
124,Vikram,Kulkarni
125,Karan,Tripathi
126,Kunal,Desai
127,Varun,Das
128,Naveen,Gupta
129,Pallavi,Kapoor
130,Harsh,Menon
131,Varun,Tripathi
132,Nitin,Mishra
133,Tanvi,Desai
134,Sanjay,Das
135,Anil,Jain
136,Nitin,Chatterjee
137,Ramesh,Joshi
138,Swati,Iyer
139,Varun,Patel
140,Rahul,Jain
141,Tanvi,Thakur
142,Harsh,Patel
143,Naveen,Malhotra
144,Ramesh,Das
145,Sneha,Pandey
146,Karan,Patel
147,Vidya,Kapoor
148,Sunil,Chatterjee
149,Sneha,Yadav
150,Swati,Tripathi