id,username,employee_name,label
1,john.smith,John Smith,1
2,john_smith,John Smith,1
3,jsmith,John Smith,1
4,j.smith,John Smith,1
5,johnny_s,John Smith,1
6,robertw,John Smith,0
7,robert,John Smith,0
8,lwilson,John Smith,0
9,harrisj,John Smith,0
10,jessica,John Smith,0
11,emilydavis,Emily Davis,1
12,davisem,Emily Davis,1
13,emily_d,Emily Davis,1
14,em.davis,Emily Davis,1
15,em_davis,Emily Davis,1
16,wilsonl,Emily Davis,0
17,laura.w,Emily Davis,0
18,sarahj,Emily Davis,0
19,david,Emily Davis,0
20,jamest,Emily Davis,0
21,mbrown,Michael Brown,1
22,michael_b,Michael Brown,1
23,mike,Michael Brown,1
24,brownm,Michael Brown,1
25,mikeb,Michael Brown,1
26,sjohnson,Michael Brown,0
27,emily_d,Michael Brown,0
28,john.smith,Michael Brown,0
29,wilsonl,Michael Brown,0
30,d.lee,Michael Brown,0
31,sarahj,Sarah Johnson,1
32,sjohnson,Sarah Johnson,1
33,saraj,Sarah Johnson,1
34,s.johnson,Sarah Johnson,1
35,johnsons,Sarah Johnson,1
36,j.smith,Sarah Johnson,0
37,johnsmith,Sarah Johnson,0
38,robertw,Sarah Johnson,0
39,j.harris,Sarah Johnson,0
40,jharris,Sarah Johnson,0
41,d.lee,David Lee,1
42,dlee,David Lee,1
43,davidlee,David Lee,1
44,leed,David Lee,1
45,david,David Lee,1
46,sarahjohnson,David Lee,0
47,james,David Lee,0
48,johnny_s,David Lee,0
49,james,David Lee,0
50,saraj,David Lee,0
51,lauraw,Laura Wilson,1
52,wilsonl,Laura Wilson,1
53,l.wilson,Laura Wilson,1
54,lwilson,Laura Wilson,1
55,laura.w,Laura Wilson,1
56,em_davis,Laura Wilson,0
57,mikeb,Laura Wilson,0
58,emily,Laura Wilson,0
59,robertw,Laura Wilson,0
60,john.smith,Laura Wilson,0
61,jtaylor,James Taylor,1
62,james_t,James Taylor,1
63,taylorj,James Taylor,1
64,jamest,James Taylor,1
65,james,James Taylor,1
66,robert,James Taylor,0
67,john,James Taylor,0
68,saraj,James Taylor,0
69,jharris,James Taylor,0
70,johnsons,James Taylor,0
71,olivia.m,Olivia Martin,1
72,martino,Olivia Martin,1
73,olivia,Olivia Martin,1
74,martin_olivia,Olivia Martin,1
75,oliviam,Olivia Martin,1
76,david,Olivia Martin,0
77,davisem,Olivia Martin,0
78,emily_d,Olivia Martin,0
79,d.lee,Olivia Martin,0
80,lee_david,Olivia Martin,0
81,rwhite,Robert White,1
82,robertw,Robert White,1
83,white.r,Robert White,1
84,robwhite,Robert White,1
85,robw,Robert White,1
86,j.smith,Robert White,0
87,davisem,Robert White,0
88,lwilson,Robert White,0
89,wilsonl,Robert White,0
90,emilydavis,Robert White,0
91,jessica,Jessica Harris,1
92,jessicah,Jessica Harris,1
93,jharris,Jessica Harris,1
94,j.harris,Jessica Harris,1
95,jess,Jessica Harris,1
96,saraj,Jessica Harris,0
97,james,Jessica Harris,0
98,lee_david,Jessica Harris,0
99,olivia,Jessica Harris,0
100,michaelbrown,Jessica Harris,0
101,wilsonl,Laura Wilson,1
102,michaelbrown,John Smith,0
103,leed,David Lee,1
104,jsmith,David Lee,0
105,oliviam,Sarah Johnson,0
106,brownm,Michael Brown,1
107,d.lee,David Lee,1
108,s.johnson,Emily Davis,0
109,taylorj,James Taylor,1
110,michael_b,Michael Brown,1
111,harrisj,Jessica Harris,1
112,mike,Michael Brown,1
113,robwhite,Robert White,1
114,robertw,Laura Wilson,0
115,edavis,Robert White,0
116,mike,John Smith,0
117,johnsmith,Jessica Harris,0
118,james_t,Emily Davis,0
119,john_smith,John Smith,1
120,sarahjohnson,Olivia Martin,0
121,harrisj,David Lee,0
122,oliviam,Olivia Martin,1
123,j.taylor,James Taylor,1
124,james,David Lee,0
125,mikeb,John Smith,0
126,laura,Laura Wilson,1
127,james_t,Olivia Martin,0
128,jamest,James Taylor,1
129,robertw,Jessica Harris,0
130,michael_b,Sarah Johnson,0
131,robertw,Laura Wilson,0
132,olivia.m,Olivia Martin,1
133,j.harris,Jessica Harris,1
134,robertw,James Taylor,0
135,m.brown,David Lee,0
136,jsmith,John Smith,1
137,sarahjohnson,Sarah Johnson,1
138,david,David Lee,1
139,olivia,Emily Davis,0
140,jsmith,Emily Davis,0
141,james_t,Laura Wilson,0
142,harrisj,Jessica Harris,1
143,johnsons,Sarah Johnson,1
144,jamest,Jessica Harris,0
145,johnsons,Emily Davis,0
146,m.brown,Michael Brown,1
147,robert,Michael Brown,0
148,saraj,Sarah Johnson,1
149,johnny,Emily Davis,0
150,laura.w,Jessica Harris,0
151,emilydavis,John Smith,0
152,mikeb,Michael Brown,1
153,oliviam,Olivia Martin,1
154,martino,Sarah Johnson,0
155,laura,Michael Brown,0
156,brownm,John Smith,0
157,michael_b,Michael Brown,1
158,l.wilson,Laura Wilson,1
159,jtaylor,James Taylor,1
160,robwhite,Robert White,1
161,laura.w,Olivia Martin,0
162,laura.w,Sarah Johnson,0
163,jess,Jessica Harris,1
164,d.lee,Olivia Martin,0
165,lee_david,David Lee,1
166,jsmith,Robert White,0
167,robw,Robert White,1
168,sarah,Michael Brown,0
169,jess,David Lee,0
170,robwhite,Robert White,1
171,sjohnson,Sarah Johnson,1
172,jess,James Taylor,0
173,olivia,Olivia Martin,1
174,smithj,John Smith,1
175,wilsonl,Robert White,0
176,david,Sarah Johnson,0
177,james_t,James Taylor,1
178,robw,James Taylor,0
179,edavis,Emily Davis,1
180,mbrown,James Taylor,0
181,jessica,David Lee,0
182,john,John Smith,1
183,david,James Taylor,0
184,james,Emily Davis,0
185,olivia.m,Laura Wilson,0
186,jess,Sarah Johnson,0
187,michaelbrown,Michael Brown,1
188,john_smith,Robert White,0
189,martin_olivia,Emily Davis,0
190,john_smith,John Smith,1
191,robert,David Lee,0
192,sarah,Sarah Johnson,1
193,lee_david,Olivia Martin,0
194,l.wilson,Laura Wilson,1
195,robwhite,Robert White,1
196,mbrown,Michael Brown,1
197,edavis,James Taylor,0
198,mbrown,Michael Brown,1
199,john_smith,John Smith,1
200,mikeb,Emily Davis,0
201,m.brown,Michael Brown,1
202,david,Jessica Harris,0
203,harrisj,Olivia Martin,0
204,d.lee,David Lee,1
205,wilsonl,Laura Wilson,1
206,johnsons,Sarah Johnson,1
207,robw,Robert White,1
208,m.brown,James Taylor,0
209,emily,Emily Davis,1
210,jamest,James Taylor,1
211,laura.w,Laura Wilson,1
212,jess,Robert White,0
213,sarahjohnson,Sarah Johnson,1
214,em.davis,Sarah Johnson,0
215,mike,Sarah Johnson,0
216,laura,Laura Wilson,1
217,jtaylor,Jessica Harris,0
218,saraj,Olivia Martin,0
219,lee_david,Emily Davis,0
220,michael_b,Olivia Martin,0
221,jessicah,Robert White,0
222,emilydavis,John Smith,0
223,em_davis,Emily Davis,1
224,michaelbrown,David Lee,0
225,john.smith,Emily Davis,0
226,rwhite,Robert White,1
227,martin_olivia,Michael Brown,0
228,jamest,James Taylor,1
229,johnsons,Sarah Johnson,1
230,johnny,James Taylor,0
231,johnsmith,Emily Davis,0
232,james,Jessica Harris,0
233,emily,Emily Davis,1
234,david,David Lee,1
235,johnsons,Laura Wilson,0
236,jess,Jessica Harris,1
237,emilydavis,Emily Davis,1
238,james,James Taylor,1
239,edavis,Michael Brown,0
240,sjohnson,Emily Davis,0
241,jess,Jessica Harris,1
242,davisem,Emily Davis,1
243,lee_david,John Smith,0
244,j.harris,Laura Wilson,0
245,johnsmith,John Smith,1
246,emilydavis,Robert White,0
247,robertw,David Lee,0
248,emily_d,Michael Brown,0
249,jessicah,Jessica Harris,1
250,robert,Robert White,1
251,dlee,Olivia Martin,0
252,michaelbrown,Emily Davis,0
253,davidlee,David Lee,1
254,omartin,Olivia Martin,1
255,saraj,Sarah Johnson,1
256,mike,Michael Brown,1
257,harrisj,Jessica Harris,1
258,leed,David Lee,1
259,martino,Olivia Martin,1
260,johnny,John Smith,1
261,taylorj,John Smith,0
262,j.taylor,Emily Davis,0
263,olivia.m,Olivia Martin,1
264,lee_david,David Lee,1
265,olivia.m,Laura Wilson,0
266,lwilson,Laura Wilson,1
267,jessicah,Jessica Harris,1
268,john_smith,John Smith,1
269,olivia,Olivia Martin,1
270,michael_b,Olivia Martin,0
271,sarahj,Sarah Johnson,1
272,olivia,Olivia Martin,1
273,em.davis,Robert White,0
274,johnsons,Sarah Johnson,1
275,rwhite,Robert White,1
276,johnny_s,John Smith,1
277,edavis,Emily Davis,1
278,robertw,David Lee,0
279,jess,Jessica Harris,1
280,martino,Olivia Martin,1
281,jess,Jessica Harris,1
282,omartin,Olivia Martin,1
283,martin_olivia,Olivia Martin,1
284,james_t,Robert White,0
285,laura.w,Laura Wilson,1
286,omartin,Olivia Martin,1
287,lwilson,John Smith,0
288,em_davis,Emily Davis,1
289,sarah,Sarah Johnson,1
290,sarahjohnson,Sarah Johnson,1
291,s.johnson,Sarah Johnson,1
292,white.r,Robert White,1
293,jessica,Emily Davis,0
294,sjohnson,Sarah Johnson,1
295,lauraw,Laura Wilson,1
296,sarahj,Jessica Harris,0
297,lauraw,Laura Wilson,1
298,m.brown,Olivia Martin,0
299,emily,Laura Wilson,0
300,d.lee,Emily Davis,0
301,em.davis,James Taylor,0
302,lee_david,Laura Wilson,0
303,em.davis,John Smith,0
304,michaelbrown,Michael Brown,1
305,olivia,Jessica Harris,0
306,oliviam,Robert White,0
307,emilydavis,Emily Davis,1
308,rwhite,Robert White,1
309,sarahjohnson,Sarah Johnson,1
310,martin_olivia,Olivia Martin,1
311,robw,John Smith,0
312,s.johnson,Sarah Johnson,1
313,emilydavis,Emily Davis,1
314,michaelbrown,Michael Brown,1
315,brownm,David Lee,0
316,j.taylor,James Taylor,1
317,rwhite,David Lee,0
318,john.smith,Olivia Martin,0
319,martino,John Smith,0
320,jamest,Michael Brown,0
321,j.taylor,James Taylor,1
322,sarahjohnson,James Taylor,0
323,white.r,Laura Wilson,0
324,j.taylor,James Taylor,1
325,jess,Jessica Harris,1
326,robwhite,Olivia Martin,0
327,lee_david,David Lee,1
328,robertw,Laura Wilson,0
329,jessicah,Jessica Harris,1
330,s.johnson,Laura Wilson,0
331,davidlee,James Taylor,0
332,rwhite,James Taylor,0
333,lee_david,Laura Wilson,0
334,jsmith,Michael Brown,0
335,johnsmith,Robert White,0
336,l.wilson,Laura Wilson,1
337,martino,Jessica Harris,0
338,john.smith,Robert White,0
339,l.wilson,Michael Brown,0
340,robwhite,Emily Davis,0
341,taylorj,Sarah Johnson,0
342,martino,John Smith,0
343,johnny_s,Emily Davis,0
344,taylorj,James Taylor,1
345,robwhite,Robert White,1
346,mikeb,David Lee,0
347,olivia.m,John Smith,0
348,emily_d,Laura Wilson,0
349,j.smith,Michael Brown,0
350,lee_david,David Lee,1
351,taylorj,Laura Wilson,0
352,edavis,Sarah Johnson,0
353,john,Robert White,0
354,emily,Emily Davis,1
355,dlee,Laura Wilson,0
356,brownm,Michael Brown,1
357,j.harris,Jessica Harris,1
358,mikeb,Michael Brown,1
359,jtaylor,Sarah Johnson,0
360,martin_olivia,Olivia Martin,1
361,sarah,Robert White,0
362,emily,Emily Davis,1
363,james_t,John Smith,0
364,robertw,Robert White,1
365,mbrown,Michael Brown,1
366,mike,Jessica Harris,0
367,mikeb,Robert White,0
368,james,James Taylor,1
369,sarah,Sarah Johnson,1
370,emilydavis,John Smith,0
371,em_davis,Emily Davis,1
372,davidlee,Sarah Johnson,0
373,wilsonl,Laura Wilson,1
374,johnny,John Smith,1
375,michaelbrown,Robert White,0
376,omartin,David Lee,0
377,mike,Michael Brown,1
378,lauraw,Robert White,0
379,davidlee,David Lee,1
380,jess,Sarah Johnson,0
381,robert,Robert White,1
382,olivia,Olivia Martin,1
383,james_t,Emily Davis,0
384,dlee,David Lee,1
385,laura.w,David Lee,0
386,laura.w,David Lee,0
387,lwilson,Laura Wilson,1
388,brownm,Michael Brown,1
389,em.davis,Olivia Martin,0
390,dlee,James Taylor,0
391,robw,Jessica Harris,0
392,david,David Lee,1
393,jessicah,Robert White,0
394,lee_david,John Smith,0
395,jharris,Jessica Harris,1
396,martino,Olivia Martin,1
397,lauraw,Laura Wilson,1
398,robw,Robert White,1
399,mikeb,Michael Brown,1
400,l.wilson,Emily Davis,0
401,michaelbrown,Michael Brown,1
402,laura,John Smith,0
403,m.brown,Michael Brown,1
404,robertw,Robert White,1
405,emilydavis,Emily Davis,1
406,davidlee,Laura Wilson,0
407,sarahj,Michael Brown,0
408,michael_b,Emily Davis,0
409,jtaylor,James Taylor,1
410,saraj,David Lee,0
411,olivia.m,Olivia Martin,1
412,james_t,John Smith,0
413,johnsons,Sarah Johnson,1
414,m.brown,Laura Wilson,0
415,dlee,Robert White,0
416,mikeb,Michael Brown,1
417,j.taylor,Jessica Harris,0
418,sarah,Jessica Harris,0
419,rwhite,Robert White,1
420,dlee,David Lee,1
421,mbrown,Jessica Harris,0
422,johnsons,Sarah Johnson,1
423,j.taylor,James Taylor,1
424,d.lee,John Smith,0
425,olivia,Olivia Martin,1
426,wilsonl,Laura Wilson,1
427,jamest,James Taylor,1
428,robwhite,David Lee,0
429,robwhite,Michael Brown,0
430,jamest,James Taylor,1
431,edavis,John Smith,0
432,rwhite,David Lee,0
433,lauraw,Laura Wilson,1
434,robw,James Taylor,0
435,lwilson,Laura Wilson,1
436,robert,Robert White,1
437,davidlee,David Lee,1
438,emilydavis,Emily Davis,1
439,m.brown,Michael Brown,1
440,robertw,Robert White,1
441,olivia.m,Olivia Martin,1
442,em.davis,Emily Davis,1
443,white.r,John Smith,0
444,jessicah,Jessica Harris,1
445,leed,Sarah Johnson,0
446,emily_d,John Smith,0
447,jessica,Jessica Harris,1
448,edavis,Emily Davis,1
449,michaelbrown,Michael Brown,1
450,jamest,Laura Wilson,0
451,jamest,James Taylor,1
452,robw,Robert White,1
453,john.smith,Sarah Johnson,0
454,j.taylor,James Taylor,1
455,sarahjohnson,Sarah Johnson,1
456,lee_david,David Lee,1
457,m.brown,Michael Brown,1
458,em_davis,Emily Davis,1
459,lee_david,Sarah Johnson,0
460,robertw,Robert White,1
461,jess,Jessica Harris,1
462,omartin,Emily Davis,0
463,johnny_s,John Smith,1
464,sarahjohnson,Sarah Johnson,1
465,j.harris,Jessica Harris,1
466,emilydavis,John Smith,0
467,jessica,Jessica Harris,1
468,johnny,Emily Davis,0
469,emily_d,Emily Davis,1
470,mbrown,Michael Brown,1
471,edavis,Michael Brown,0
472,jsmith,John Smith,1
473,oliviam,Olivia Martin,1
474,emily,Emily Davis,1
475,emily_d,John Smith,0
476,james,James Taylor,1
477,martino,Emily Davis,0
478,olivia.m,Olivia Martin,1
479,john.smith,Michael Brown,0
480,robwhite,Robert White,1
481,j.harris,Jessica Harris,1
482,johnny_s,John Smith,1
483,davisem,Emily Davis,1
484,david,David Lee,1
485,lauraw,Laura Wilson,1
486,james_t,James Taylor,1
487,j.harris,James Taylor,0
488,lwilson,David Lee,0
489,lwilson,David Lee,0
490,em_davis,Jessica Harris,0
491,lee_david,Laura Wilson,0
492,olivia,Olivia Martin,1
493,l.wilson,Laura Wilson,1
494,olivia.m,Olivia Martin,1
495,harrisj,Laura Wilson,0
496,john_smith,John Smith,1
497,johnny,Robert White,0
498,emilydavis,James Taylor,0
499,d.lee,Robert White,0
500,olivia,Olivia Martin,1
501,wilsonl,Laura Wilson,1
502,l.wilson,James Taylor,0
503,emily_d,Emily Davis,1
504,wilsonl,Laura Wilson,1
505,rwhite,Michael Brown,0
506,james_t,James Taylor,1
507,john_smith,John Smith,1
508,david,David Lee,1
509,emily_d,Olivia Martin,0
510,j.smith,Robert White,0
511,james_t,James Taylor,1
512,johnsons,John Smith,0
513,smithj,Sarah Johnson,0
514,olivia,Olivia Martin,1
515,laura,Laura Wilson,1
516,jsmith,John Smith,1
517,smithj,Robert White,0
518,lwilson,Laura Wilson,1
519,olivia.m,Olivia Martin,1
520,david,David Lee,1
521,d.lee,David Lee,1
522,jamest,James Taylor,1
523,j.harris,Sarah Johnson,0
524,james,James Taylor,1
525,sarahj,David Lee,0
526,leed,Laura Wilson,0
527,dlee,James Taylor,0
528,mike,John Smith,0
529,leed,David Lee,1
530,john.smith,John Smith,1
531,brownm,Michael Brown,1
532,dlee,David Lee,1
533,oliviam,Jessica Harris,0
534,sarahj,Sarah Johnson,1
535,j.smith,David Lee,0
536,lauraw,Laura Wilson,1
537,jessica,Laura Wilson,0
538,jamest,Laura Wilson,0
539,johnsons,Olivia Martin,0
540,mikeb,John Smith,0
541,michael_b,Laura Wilson,0
542,olivia,James Taylor,0
543,mbrown,Laura Wilson,0
544,robwhite,Sarah Johnson,0
545,sarahjohnson,Laura Wilson,0
546,j.harris,Jessica Harris,1
547,dlee,David Lee,1
548,edavis,Emily Davis,1
549,em.davis,Michael Brown,0
550,emilydavis,Emily Davis,1
551,rwhite,John Smith,0
552,taylorj,James Taylor,1
553,white.r,Sarah Johnson,0
554,davidlee,David Lee,1
555,s.johnson,Olivia Martin,0
556,james_t,Emily Davis,0
557,david,David Lee,1
558,smithj,Emily Davis,0
559,johnsmith,John Smith,1
560,emily,Robert White,0
561,jtaylor,James Taylor,1
562,jtaylor,James Taylor,1
563,dlee,David Lee,1
564,olivia.m,Jessica Harris,0
565,laura.w,Laura Wilson,1
566,l.wilson,Laura Wilson,1
567,taylorj,James Taylor,1
568,david,Jessica Harris,0
569,dlee,David Lee,1
570,robw,James Taylor,0
571,jessicah,James Taylor,0
572,emily_d,Emily Davis,1
573,mikeb,Sarah Johnson,0
574,davidlee,Sarah Johnson,0
575,s.johnson,Olivia Martin,0
576,d.lee,Jessica Harris,0
577,jessicah,Sarah Johnson,0
578,martino,Olivia Martin,1
579,jessica,John Smith,0
580,j.smith,John Smith,1
581,laura.w,Laura Wilson,1
582,em.davis,Emily Davis,1
583,robwhite,Michael Brown,0
584,lwilson,Olivia Martin,0
585,jtaylor,James Taylor,1
586,robw,Robert White,1
587,robw,Emily Davis,0
588,olivia.m,Olivia Martin,1
589,john,John Smith,1
590,wilsonl,Sarah Johnson,0
591,s.johnson,Sarah Johnson,1
592,robwhite,Robert White,1
593,mbrown,Michael Brown,1
594,m.brown,Michael Brown,1
595,em_davis,Sarah Johnson,0
596,john,John Smith,1
597,jess,Jessica Harris,1
598,olivia.m,Sarah Johnson,0
599,m.brown,Michael Brown,1
600,omartin,Emily Davis,0
601,oliviam,Olivia Martin,1
602,james,Emily Davis,0
603,jessica,Emily Davis,0
604,robw,Robert White,1
605,martin_olivia,Olivia Martin,1
606,james_t,Laura Wilson,0
607,m.brown,Michael Brown,1
608,jess,Sarah Johnson,0
609,wilsonl,Robert White,0
610,mike,Michael Brown,1
611,d.lee,David Lee,1
612,john.smith,Emily Davis,0
613,brownm,Robert White,0
614,oliviam,Sarah Johnson,0
615,lwilson,Robert White,0
616,james,Jessica Harris,0
617,mike,David Lee,0
618,j.harris,Jessica Harris,1
619,sjohnson,Sarah Johnson,1
620,brownm,Michael Brown,1
621,emilydavis,Emily Davis,1
622,jess,Sarah Johnson,0
623,david,Emily Davis,0
624,robertw,Robert White,1
625,omartin,Laura Wilson,0
626,smithj,John Smith,1
627,laura.w,Sarah Johnson,0
628,emilydavis,Emily Davis,1
629,jessicah,Jessica Harris,1
630,jess,Jessica Harris,1
631,jessica,Jessica Harris,1
632,dlee,Sarah Johnson,0
633,taylorj,Michael Brown,0
634,lwilson,John Smith,0
635,jessica,Jessica Harris,1
636,omartin,Sarah Johnson,0
637,lwilson,David Lee,0
638,martino,Jessica Harris,0
639,brownm,Emily Davis,0
640,johnny_s,Robert White,0
641,martin_olivia,Sarah Johnson,0
642,martin_olivia,Robert White,0
643,oliviam,Olivia Martin,1
644,john.smith,John Smith,1
645,martino,Michael Brown,0
646,edavis,Robert White,0
647,oliviam,Olivia Martin,1
648,davisem,Emily Davis,1
649,mike,Jessica Harris,0
650,michaelbrown,Olivia Martin,0
651,johnny_s,Sarah Johnson,0
652,white.r,Robert White,1
653,j.smith,James Taylor,0
654,robert,Robert White,1
655,d.lee,David Lee,1
656,s.johnson,Sarah Johnson,1
657,harrisj,Jessica Harris,1
658,jess,Sarah Johnson,0
659,mbrown,James Taylor,0
660,johnsons,Sarah Johnson,1
661,olivia.m,Olivia Martin,1
662,s.johnson,Sarah Johnson,1
663,edavis,Emily Davis,1
664,d.lee,Michael Brown,0
665,s.johnson,Sarah Johnson,1
666,jsmith,Robert White,0
667,emily_d,Robert White,0
668,robw,Robert White,1
669,john_smith,John Smith,1
670,sarah,John Smith,0
671,j.harris,Jessica Harris,1
672,laura.w,Laura Wilson,1
673,wilsonl,Laura Wilson,1
674,s.johnson,Robert White,0
675,jamest,James Taylor,1
676,lee_david,Sarah Johnson,0
677,s.johnson,Sarah Johnson,1
678,emily_d,Emily Davis,1
679,james,James Taylor,1
680,martin_olivia,Olivia Martin,1
681,olivia.m,Emily Davis,0
682,david,Sarah Johnson,0
683,jsmith,Michael Brown,0
684,d.lee,Robert White,0
685,oliviam,Olivia Martin,1
686,j.harris,Jessica Harris,1
687,jtaylor,John Smith,0
688,johnny,John Smith,1
689,leed,John Smith,0
690,jharris,Emily Davis,0
691,taylorj,Michael Brown,0
692,david,David Lee,1
693,edavis,Emily Davis,1
694,james,James Taylor,1
695,jharris,James Taylor,0
696,robw,Robert White,1
697,james,Emily Davis,0
698,em.davis,Emily Davis,1
699,john_smith,John Smith,1
700,dlee,Michael Brown,0
701,taylorj,James Taylor,1
702,james_t,James Taylor,1
703,jamest,James Taylor,1
704,robertw,Robert White,1
705,white.r,Sarah Johnson,0
706,robert,James Taylor,0
707,sarahj,Sarah Johnson,1
708,johnsons,Michael Brown,0
709,jess,Jessica Harris,1
710,m.brown,Sarah Johnson,0
711,emilydavis,Emily Davis,1
712,martino,Laura Wilson,0
713,johnsmith,Robert White,0
714,johnny_s,Olivia Martin,0
715,j.taylor,James Taylor,1
716,taylorj,Sarah Johnson,0
717,john.smith,David Lee,0
718,jess,Sarah Johnson,0
719,j.harris,Jessica Harris,1
720,wilsonl,James Taylor,0
721,s.johnson,James Taylor,0
722,laura,Sarah Johnson,0
723,saraj,Sarah Johnson,1
724,omartin,Olivia Martin,1
725,robert,John Smith,0
726,harrisj,Emily Davis,0
727,leed,David Lee,1
728,taylorj,Robert White,0
729,lee_david,Robert White,0
730,white.r,Jessica Harris,0
731,sjohnson,Sarah Johnson,1
732,laura.w,Robert White,0
733,jharris,Sarah Johnson,0
734,david,David Lee,1
735,martino,Michael Brown,0
736,davisem,Laura Wilson,0
737,j.harris,Jessica Harris,1
738,rwhite,Robert White,1
739,laura.w,Michael Brown,0
740,mike,Michael Brown,1
741,davisem,David Lee,0
742,robw,Robert White,1
743,lauraw,Laura Wilson,1
744,robertw,Olivia Martin,0
745,robwhite,Emily Davis,0
746,johnsmith,John Smith,1
747,jharris,Jessica Harris,1
748,rwhite,Jessica Harris,0
749,davidlee,Laura Wilson,0
750,robwhite,Robert White,1
751,martin_olivia,Robert White,0
752,j.taylor,Olivia Martin,0
753,lauraw,Laura Wilson,1
754,rwhite,Olivia Martin,0
755,leed,Sarah Johnson,0
756,omartin,Michael Brown,0
757,white.r,Sarah Johnson,0
758,lee_david,David Lee,1
759,michael_b,Michael Brown,1
760,johnny_s,Michael Brown,0
761,james,Sarah Johnson,0
762,oliviam,Olivia Martin,1
763,lauraw,Emily Davis,0
764,jamest,John Smith,0
765,white.r,John Smith,0
766,mbrown,Michael Brown,1
767,mike,Michael Brown,1
768,laura,Laura Wilson,1
769,jtaylor,James Taylor,1
770,edavis,Sarah Johnson,0
771,davisem,Laura Wilson,0
772,rwhite,Emily Davis,0
773,james,James Taylor,1
774,oliviam,John Smith,0
775,leed,David Lee,1
776,james_t,Olivia Martin,0
777,j.taylor,Jessica Harris,0
778,m.brown,Laura Wilson,0
779,saraj,Sarah Johnson,1
780,em_davis,Sarah Johnson,0
781,emily,Emily Davis,1
782,david,David Lee,1
783,emily_d,Emily Davis,1
784,harrisj,John Smith,0
785,s.johnson,Sarah Johnson,1
786,edavis,Sarah Johnson,0
787,oliviam,John Smith,0
788,laura.w,Laura Wilson,1
789,jharris,Emily Davis,0
790,johnny_s,John Smith,1
791,martin_olivia,Laura Wilson,0
792,harrisj,Jessica Harris,1
793,laura.w,Emily Davis,0
794,jessicah,Jessica Harris,1
795,martin_olivia,Olivia Martin,1
796,emily_d,Emily Davis,1
797,em_davis,Emily Davis,1
798,james,Olivia Martin,0
799,robert,Michael Brown,0
800,oliviam,Olivia Martin,1
801,john,Robert White,0
802,michaelbrown,Michael Brown,1
803,brownm,Michael Brown,1
804,brownm,Laura Wilson,0
805,martino,Laura Wilson,0
806,omartin,Olivia Martin,1
807,jess,David Lee,0
808,davisem,Emily Davis,1
809,johnny,John Smith,1
810,jess,Michael Brown,0
811,jamest,James Taylor,1
812,jess,John Smith,0
813,davidlee,David Lee,1
814,robertw,Robert White,1
815,john.smith,John Smith,1
816,johnny_s,Jessica Harris,0
817,lee_david,John Smith,0
818,robw,Robert White,1
819,d.lee,David Lee,1
820,michaelbrown,David Lee,0
821,j.taylor,James Taylor,1
822,jsmith,Michael Brown,0
823,lauraw,Laura Wilson,1
824,johnsmith,John Smith,1
825,rwhite,John Smith,0
826,em.davis,Emily Davis,1
827,robwhite,James Taylor,0
828,david,David Lee,1
829,oliviam,Olivia Martin,1
830,jessicah,James Taylor,0
831,mike,Jessica Harris,0
832,james_t,Michael Brown,0
833,davidlee,Robert White,0
834,robwhite,Michael Brown,0
835,olivia.m,Olivia Martin,1
836,jess,Jessica Harris,1
837,em.davis,Laura Wilson,0
838,omartin,Olivia Martin,1
839,james_t,David Lee,0
840,jamest,James Taylor,1
841,johnsmith,John Smith,1
842,mbrown,Emily Davis,0
843,robwhite,James Taylor,0
844,rwhite,Robert White,1
845,sarah,James Taylor,0
846,jessicah,Jessica Harris,1
847,michael_b,Michael Brown,1
848,sarah,Laura Wilson,0
849,smithj,John Smith,1
850,lee_david,James Taylor,0
851,white.r,Robert White,1
852,emily,James Taylor,0
853,john,Michael Brown,0
854,leed,Jessica Harris,0
855,jharris,Laura Wilson,0
856,davidlee,David Lee,1
857,l.wilson,Olivia Martin,0
858,michaelbrown,Robert White,0
859,emily,Emily Davis,1
860,jessica,Jessica Harris,1
861,s.johnson,Robert White,0
862,jsmith,John Smith,1
863,jtaylor,James Taylor,1
864,jtaylor,John Smith,0
865,jsmith,John Smith,1
866,mikeb,Michael Brown,1
867,jessica,Robert White,0
868,j.taylor,David Lee,0
869,johnny_s,Emily Davis,0
870,leed,Sarah Johnson,0
871,mbrown,Michael Brown,1
872,saraj,Laura Wilson,0
873,michael_b,Michael Brown,1
874,laura,Michael Brown,0
875,taylorj,David Lee,0
876,robwhite,John Smith,0
877,smithj,Robert White,0
878,j.smith,Emily Davis,0
879,saraj,Jessica Harris,0
880,j.taylor,James Taylor,1
881,smithj,David Lee,0
882,jamest,James Taylor,1
883,s.johnson,Michael Brown,0
884,em_davis,Olivia Martin,0
885,lauraw,David Lee,0
886,j.smith,David Lee,0
887,omartin,James Taylor,0
888,oliviam,Laura Wilson,0
889,john.smith,Emily Davis,0
890,martin_olivia,Emily Davis,0
891,mike,Michael Brown,1
892,robert,Laura Wilson,0
893,lwilson,Laura Wilson,1
894,michael_b,Olivia Martin,0
895,lauraw,Laura Wilson,1
896,robertw,Sarah Johnson,0
897,robw,Robert White,1
898,lwilson,Olivia Martin,0
899,white.r,Olivia Martin,0
900,johnny,John Smith,1
901,robw,Michael Brown,0
902,lauraw,Laura Wilson,1
903,harrisj,Jessica Harris,1
904,edavis,James Taylor,0
905,robw,Robert White,1
906,sjohnson,Sarah Johnson,1
907,martino,Olivia Martin,1
908,mbrown,Michael Brown,1
909,jessicah,Jessica Harris,1
910,martin_olivia,Sarah Johnson,0
911,lee_david,Laura Wilson,0
912,saraj,Sarah Johnson,1
913,johnsmith,Robert White,0
914,sjohnson,Laura Wilson,0
915,wilsonl,Laura Wilson,1
916,em.davis,John Smith,0
917,wilsonl,David Lee,0
918,l.wilson,Michael Brown,0
919,robertw,Robert White,1
920,emily_d,Emily Davis,1
921,mbrown,Robert White,0
922,wilsonl,Laura Wilson,1
923,sarahjohnson,Jessica Harris,0
924,wilsonl,Laura Wilson,1
925,mike,John Smith,0
926,james,Robert White,0
927,lauraw,Laura Wilson,1
928,mbrown,John Smith,0
929,mikeb,Michael Brown,1
930,jamest,James Taylor,1
931,jessicah,Jessica Harris,1
932,jharris,Jessica Harris,1
933,jtaylor,Jessica Harris,0
934,j.harris,Jessica Harris,1
935,emilydavis,Emily Davis,1
936,robert,Michael Brown,0
937,mikeb,David Lee,0
938,oliviam,Sarah Johnson,0
939,jessica,Jessica Harris,1
940,davidlee,Emily Davis,0
941,j.smith,John Smith,1
942,jess,Robert White,0
943,robert,Robert White,1
944,omartin,Emily Davis,0
945,james,John Smith,0
946,rwhite,Laura Wilson,0
947,sarahjohnson,Sarah Johnson,1
948,white.r,Robert White,1
949,omartin,James Taylor,0
950,john.smith,Olivia Martin,0
951,laura.w,Laura Wilson,1
952,saraj,John Smith,0
953,rwhite,Emily Davis,0
954,oliviam,Olivia Martin,1
955,james_t,James Taylor,1
956,jamest,Sarah Johnson,0
957,john,Robert White,0
958,james_t,Robert White,0
959,rwhite,Laura Wilson,0
960,jtaylor,James Taylor,1
961,brownm,Michael Brown,1
962,l.wilson,Robert White,0
963,olivia.m,Olivia Martin,1
964,jharris,Jessica Harris,1
965,mike,Michael Brown,1
966,j.smith,Laura Wilson,0
967,laura,Olivia Martin,0
968,martino,Michael Brown,0
969,smithj,John Smith,1
970,lee_david,David Lee,1
971,robert,Robert White,1
972,johnsons,Robert White,0
973,omartin,Emily Davis,0
974,jamest,Sarah Johnson,0
975,white.r,Robert White,1
976,johnny_s,John Smith,1
977,james,Sarah Johnson,0
978,j.smith,Sarah Johnson,0
979,robert,Robert White,1
980,edavis,Emily Davis,1
981,lauraw,Laura Wilson,1
982,brownm,Laura Wilson,0
983,robw,Sarah Johnson,0
984,david,Michael Brown,0
985,lee_david,Jessica Harris,0
986,michael_b,Michael Brown,1
987,lwilson,Emily Davis,0
988,s.johnson,John Smith,0
989,sarahj,John Smith,0
990,jess,Jessica Harris,1
991,john.smith,John Smith,1
992,jtaylor,James Taylor,1
993,l.wilson,Laura Wilson,1
994,smithj,James Taylor,0
995,m.brown,Michael Brown,1
996,lwilson,Laura Wilson,1
997,martino,Jessica Harris,0
998,robert,Laura Wilson,0
999,jess,Jessica Harris,1
1000,john.smith,James Taylor,0
1001,sarahjohnson,Sarah Johnson,1
1002,m.brown,Michael Brown,1
1003,robw,Robert White,1
1004,jessica,Jessica Harris,1
1005,davidlee,James Taylor,0
1006,mikeb,James Taylor,0
1007,d.lee,David Lee,1
1008,jessica,Robert White,0
1009,j.taylor,Sarah Johnson,0
1010,olivia.m,Sarah Johnson,0
1011,sarah,Emily Davis,0
1012,wilsonl,John Smith,0
1013,j.taylor,James Taylor,1
1014,smithj,David Lee,0
1015,m.brown,Laura Wilson,0
1016,jharris,Jessica Harris,1
1017,robertw,Robert White,1
1018,j.taylor,Sarah Johnson,0
1019,mikeb,John Smith,0
1020,james_t,James Taylor,1
1021,laura.w,Laura Wilson,1
1022,jsmith,Sarah Johnson,0
1023,mbrown,Michael Brown,1
1024,jsmith,David Lee,0
1025,robert,Robert White,1
1026,brownm,David Lee,0
1027,lee_david,David Lee,1
1028,john_smith,Sarah Johnson,0
1029,michaelbrown,Olivia Martin,0
1030,jessica,Olivia Martin,0
1031,emily,Michael Brown,0
1032,taylorj,James Taylor,1
1033,sarah,Sarah Johnson,1
1034,johnsons,Jessica Harris,0
1035,white.r,Jessica Harris,0
1036,robw,Robert White,1
1037,robwhite,Jessica Harris,0
1038,jessica,Jessica Harris,1
1039,robw,Robert White,1
1040,david,Olivia Martin,0
1041,sarahjohnson,David Lee,0
1042,olivia,Olivia Martin,1
1043,jessicah,Robert White,0
1044,em.davis,Jessica Harris,0
1045,laura.w,Laura Wilson,1
1046,john,John Smith,1
1047,jtaylor,James Taylor,1
1048,rwhite,Robert White,1
1049,leed,David Lee,1
1050,oliviam,Olivia Martin,1
1051,jessica,Emily Davis,0
1052,robw,Robert White,1
1053,davidlee,Jessica Harris,0
1054,jessicah,Olivia Martin,0
1055,johnny_s,James Taylor,0
1056,sarahjohnson,Laura Wilson,0
1057,oliviam,Jessica Harris,0
1058,john,John Smith,1
1059,leed,David Lee,1
1060,d.lee,David Lee,1
1061,davidlee,David Lee,1
1062,robertw,Robert White,1
1063,emily,Emily Davis,1
1064,em_davis,Emily Davis,1
1065,john_smith,John Smith,1
1066,johnny,John Smith,1
1067,mbrown,Michael Brown,1
1068,sjohnson,Laura Wilson,0
1069,john_smith,John Smith,1
1070,lauraw,Laura Wilson,1
1071,olivia,Jessica Harris,0
1072,s.johnson,Michael Brown,0
1073,jess,Olivia Martin,0
1074,jtaylor,James Taylor,1
1075,taylorj,James Taylor,1
1076,brownm,Sarah Johnson,0
1077,m.brown,Michael Brown,1
1078,johnsons,Sarah Johnson,1
1079,laura,Laura Wilson,1
1080,em_davis,Sarah Johnson,0
1081,robertw,Emily Davis,0
1082,laura,Olivia Martin,0
1083,white.r,Robert White,1
1084,saraj,Michael Brown,0
1085,jessicah,Jessica Harris,1
1086,robw,Robert White,1
1087,white.r,Robert White,1
1088,d.lee,James Taylor,0
1089,johnny,Jessica Harris,0
1090,white.r,John Smith,0
1091,oliviam,Sarah Johnson,0
1092,jessicah,Jessica Harris,1
1093,harrisj,Sarah Johnson,0
1094,laura,Laura Wilson,1
1095,brownm,Robert White,0
1096,michael_b,Olivia Martin,0
1097,emily,Emily Davis,1
1098,sjohnson,Sarah Johnson,1
1099,laura.w,Laura Wilson,1
1100,robert,Robert White,1
1101,jharris,Laura Wilson,0
1102,james,John Smith,0
1103,james_t,Laura Wilson,0
1104,jharris,John Smith,0
1105,harrisj,Robert White,0
1106,davisem,John Smith,0
1107,brownm,Michael Brown,1
1108,smithj,Michael Brown,0
1109,laura,Robert White,0
1110,robert,Robert White,1
1111,jessicah,Jessica Harris,1
1112,oliviam,Olivia Martin,1
1113,emily,Emily Davis,1
1114,johnny,Michael Brown,0
1115,mbrown,Jessica Harris,0
1116,jessica,Michael Brown,0
1117,em_davis,John Smith,0
1118,oliviam,Michael Brown,0
1119,johnsons,Sarah Johnson,1
1120,robw,James Taylor,0
1121,jessicah,Sarah Johnson,0
1122,sarahj,James Taylor,0
1123,harrisj,Laura Wilson,0
1124,john.smith,John Smith,1
1125,emily_d,Emily Davis,1
1126,j.smith,Laura Wilson,0
1127,j.smith,Olivia Martin,0
1128,smithj,David Lee,0
1129,em.davis,Emily Davis,1
1130,martin_olivia,Olivia Martin,1
1131,em_davis,Sarah Johnson,0
1132,olivia.m,Olivia Martin,1
1133,em.davis,Robert White,0
1134,oliviam,Olivia Martin,1
1135,leed,David Lee,1
1136,laura.w,Jessica Harris,0
1137,davisem,Michael Brown,0
1138,david,Olivia Martin,0
1139,sarahjohnson,Robert White,0
1140,omartin,Laura Wilson,0
1141,olivia,Michael Brown,0
1142,mbrown,Michael Brown,1
1143,michaelbrown,Sarah Johnson,0
1144,em.davis,Emily Davis,1
1145,l.wilson,Laura Wilson,1
1146,sarahjohnson,Robert White,0
1147,robertw,Robert White,1
1148,s.johnson,Sarah Johnson,1
1149,robwhite,Laura Wilson,0
1150,white.r,Robert White,1
1151,sarahjohnson,Emily Davis,0
1152,james_t,James Taylor,1
1153,jtaylor,Laura Wilson,0
1154,s.johnson,Jessica Harris,0
1155,james_t,Sarah Johnson,0
1156,robw,Robert White,1
1157,jharris,John Smith,0
1158,johnsons,Robert White,0
1159,jsmith,Emily Davis,0
1160,edavis,Emily Davis,1
1161,lee_david,David Lee,1
1162,omartin,Olivia Martin,1
1163,oliviam,James Taylor,0
1164,john.smith,John Smith,1
1165,omartin,Olivia Martin,1
1166,john,John Smith,1
1167,robwhite,Robert White,1
1168,s.johnson,Sarah Johnson,1
1169,michaelbrown,Michael Brown,1
1170,sjohnson,Sarah Johnson,1
1171,olivia,Olivia Martin,1
1172,olivia.m,Olivia Martin,1
1173,em.davis,Emily Davis,1
1174,lee_david,James Taylor,0
1175,martin_olivia,Olivia Martin,1
1176,emily,Emily Davis,1
1177,laura,Sarah Johnson,0
1178,sarah,Olivia Martin,0
1179,emily_d,Sarah Johnson,0
1180,john.smith,David Lee,0
1181,robert,Robert White,1
1182,mikeb,Michael Brown,1
1183,m.brown,Michael Brown,1
1184,emilydavis,Olivia Martin,0
1185,sarahj,Laura Wilson,0
1186,emily_d,David Lee,0
1187,laura.w,Laura Wilson,1
1188,dlee,Sarah Johnson,0
1189,robw,Robert White,1
1190,white.r,Robert White,1
1191,edavis,James Taylor,0
1192,oliviam,Olivia Martin,1
1193,olivia.m,Olivia Martin,1
1194,johnny,John Smith,1
1195,johnny_s,James Taylor,0
1196,emily_d,Olivia Martin,0
1197,sarahj,Sarah Johnson,1
1198,sarahj,Sarah Johnson,1
1199,emily_d,Laura Wilson,0
1200,michaelbrown,John Smith,0
1201,olivia.m,Olivia Martin,1
1202,davidlee,Sarah Johnson,0
1203,jharris,John Smith,0
1204,olivia.m,Olivia Martin,1
1205,jtaylor,John Smith,0
1206,james_t,John Smith,0
1207,robwhite,Robert White,1
1208,jtaylor,James Taylor,1
1209,edavis,James Taylor,0
1210,david,David Lee,1
1211,davidlee,David Lee,1
1212,j.harris,Jessica Harris,1
1213,robert,Laura Wilson,0
1214,sarahjohnson,Michael Brown,0
1215,j.smith,John Smith,1
1216,dlee,David Lee,1
1217,martino,Jessica Harris,0
1218,james,James Taylor,1
1219,lauraw,Laura Wilson,1
1220,martino,Jessica Harris,0
1221,saraj,Sarah Johnson,1
1222,martino,David Lee,0
1223,saraj,Sarah Johnson,1
1224,brownm,Michael Brown,1
1225,martin_olivia,Sarah Johnson,0
1226,robertw,Robert White,1
1227,jessica,Michael Brown,0
1228,dlee,David Lee,1
1229,jess,Jessica Harris,1
1230,mbrown,John Smith,0
1231,robwhite,David Lee,0
1232,sarahjohnson,Sarah Johnson,1
1233,jess,Jessica Harris,1
1234,john.smith,John Smith,1
1235,oliviam,Olivia Martin,1
1236,davidlee,Robert White,0
1237,james_t,Michael Brown,0
1238,olivia.m,Olivia Martin,1
1239,l.wilson,Sarah Johnson,0
1240,white.r,David Lee,0
1241,dlee,David Lee,1
1242,jharris,Michael Brown,0
1243,lwilson,Emily Davis,0
1244,smithj,David Lee,0
1245,saraj,Sarah Johnson,1
1246,jamest,James Taylor,1
1247,jessica,Laura Wilson,0
1248,l.wilson,Laura Wilson,1
1249,sarah,Sarah Johnson,1
1250,michaelbrown,Michael Brown,1
1251,sjohnson,Sarah Johnson,1
1252,james,James Taylor,1
1253,j.smith,Sarah Johnson,0
1254,laura,Emily Davis,0
1255,lee_david,David Lee,1
1256,jtaylor,James Taylor,1
1257,em.davis,Jessica Harris,0
1258,james,James Taylor,1
1259,harrisj,Sarah Johnson,0
1260,s.johnson,John Smith,0
1261,wilsonl,John Smith,0
1262,robw,Robert White,1
1263,wilsonl,Olivia Martin,0
1264,rwhite,Robert White,1
1265,michaelbrown,Emily Davis,0
1266,j.smith,Olivia Martin,0
1267,robwhite,Olivia Martin,0
1268,oliviam,Sarah Johnson,0
1269,robwhite,Robert White,1
1270,johnny_s,Sarah Johnson,0
1271,laura.w,Laura Wilson,1
1272,martino,Michael Brown,0
1273,laura,Michael Brown,0
1274,davisem,Emily Davis,1
1275,jharris,Jessica Harris,1
1276,sjohnson,Sarah Johnson,1
1277,taylorj,John Smith,0
1278,sarah,Jessica Harris,0
1279,james_t,James Taylor,1
1280,omartin,Emily Davis,0
1281,mikeb,Michael Brown,1
1282,michaelbrown,Robert White,0
1283,john.smith,John Smith,1
1284,saraj,Sarah Johnson,1
1285,davidlee,David Lee,1
1286,sarahjohnson,Olivia Martin,0
1287,oliviam,Olivia Martin,1
1288,white.r,Robert White,1
1289,jess,Olivia Martin,0
1290,robert,Robert White,1
1291,dlee,David Lee,1
1292,johnsons,Sarah Johnson,1
1293,sarahjohnson,Sarah Johnson,1
1294,emily,Emily Davis,1
1295,james_t,Robert White,0
1296,michael_b,Michael Brown,1
1297,oliviam,Olivia Martin,1
1298,emily_d,John Smith,0
1299,taylorj,James Taylor,1
1300,robert,Robert White,1
1301,em_davis,James Taylor,0
1302,johnny,David Lee,0
1303,sjohnson,John Smith,0
1304,sarahj,Olivia Martin,0
1305,jharris,Emily Davis,0
1306,j.taylor,Olivia Martin,0
1307,smithj,John Smith,1
1308,em_davis,John Smith,0
1309,emilydavis,Sarah Johnson,0
1310,john_smith,John Smith,1
1311,robwhite,Robert White,1
1312,robw,Robert White,1
1313,david,David Lee,1
1314,jamest,James Taylor,1
1315,dlee,Emily Davis,0
1316,david,John Smith,0
1317,michael_b,Michael Brown,1
1318,j.taylor,James Taylor,1
1319,jsmith,John Smith,1
1320,saraj,Sarah Johnson,1
1321,johnny_s,John Smith,1
1322,jessica,James Taylor,0
1323,jsmith,Laura Wilson,0
1324,davidlee,Jessica Harris,0
1325,johnny,John Smith,1
1326,emily_d,Emily Davis,1
1327,jtaylor,Jessica Harris,0
1328,oliviam,Robert White,0
1329,em.davis,Laura Wilson,0
1330,omartin,John Smith,0
1331,l.wilson,Sarah Johnson,0
1332,em.davis,Emily Davis,1
1333,leed,Emily Davis,0
1334,omartin,Olivia Martin,1
1335,sarah,Sarah Johnson,1
1336,olivia,Olivia Martin,1
1337,robertw,John Smith,0
1338,james_t,James Taylor,1
1339,olivia.m,Olivia Martin,1
1340,saraj,Sarah Johnson,1
1341,j.taylor,David Lee,0
1342,robwhite,Robert White,1
1343,robert,Robert White,1
1344,michael_b,Michael Brown,1
1345,mikeb,Michael Brown,1
1346,lee_david,David Lee,1
1347,l.wilson,Laura Wilson,1
1348,jtaylor,John Smith,0
1349,lee_david,Sarah Johnson,0
1350,wilsonl,Laura Wilson,1
1351,m.brown,Michael Brown,1
1352,david,Emily Davis,0
1353,saraj,Sarah Johnson,1
1354,emilydavis,Emily Davis,1
1355,sarahj,Sarah Johnson,1
1356,laura.w,Laura Wilson,1
1357,michaelbrown,Emily Davis,0
1358,j.harris,David Lee,0
1359,martin_olivia,Emily Davis,0
1360,oliviam,Laura Wilson,0
1361,sjohnson,David Lee,0
1362,smithj,Olivia Martin,0
1363,laura,Sarah Johnson,0
1364,martin_olivia,Olivia Martin,1
1365,robwhite,Robert White,1
1366,martin_olivia,Jessica Harris,0
1367,johnsons,Robert White,0
1368,j.smith,John Smith,1
1369,michaelbrown,Robert White,0
1370,jessica,Jessica Harris,1
1371,oliviam,Olivia Martin,1
1372,white.r,Robert White,1
1373,jharris,John Smith,0
1374,emily_d,Emily Davis,1
1375,jamest,Olivia Martin,0
1376,l.wilson,James Taylor,0
1377,dlee,Olivia Martin,0
1378,emily_d,Michael Brown,0
1379,emily,Sarah Johnson,0
1380,rwhite,Robert White,1
1381,jharris,Jessica Harris,1
1382,laura,James Taylor,0
1383,emilydavis,Olivia Martin,0
1384,emilydavis,John Smith,0
1385,sjohnson,David Lee,0
1386,robwhite,Emily Davis,0
1387,l.wilson,Laura Wilson,1
1388,olivia.m,Sarah Johnson,0
1389,johnny_s,John Smith,1
1390,john,Olivia Martin,0
1391,johnsons,John Smith,0
1392,taylorj,Emily Davis,0
1393,robw,Olivia Martin,0
1394,davisem,Emily Davis,1
1395,jess,Jessica Harris,1
1396,dlee,Emily Davis,0
1397,sjohnson,Jessica Harris,0
1398,m.brown,James Taylor,0
1399,johnny_s,John Smith,1
1400,j.harris,Laura Wilson,0
1401,john,John Smith,1
1402,mikeb,Robert White,0
1403,jharris,Sarah Johnson,0
1404,james,James Taylor,1
1405,robw,Robert White,1
1406,brownm,David Lee,0
1407,emilydavis,David Lee,0
1408,j.smith,John Smith,1
1409,jamest,James Taylor,1
1410,em.davis,Emily Davis,1
1411,martino,Robert White,0
1412,jessicah,Jessica Harris,1
1413,mbrown,Michael Brown,1
1414,omartin,Olivia Martin,1
1415,michaelbrown,Laura Wilson,0
1416,l.wilson,Jessica Harris,0
1417,johnny_s,John Smith,1
1418,davidlee,Emily Davis,0
1419,sjohnson,Michael Brown,0
1420,emily,Jessica Harris,0
1421,sarahj,Sarah Johnson,1
1422,olivia.m,Olivia Martin,1
1423,laura.w,Jessica Harris,0
1424,m.brown,Jessica Harris,0
1425,lwilson,James Taylor,0
1426,emilydavis,Laura Wilson,0
1427,david,David Lee,1
1428,martin_olivia,Olivia Martin,1
1429,olivia,Olivia Martin,1
1430,olivia,David Lee,0
1431,jsmith,Sarah Johnson,0
1432,harrisj,James Taylor,0
1433,johnny_s,Jessica Harris,0
1434,dlee,David Lee,1
1435,em.davis,David Lee,0
1436,edavis,John Smith,0
1437,harrisj,Jessica Harris,1
1438,dlee,David Lee,1
1439,robwhite,Robert White,1
1440,d.lee,Michael Brown,0
1441,mbrown,Michael Brown,1
1442,oliviam,Laura Wilson,0
1443,robertw,Robert White,1
1444,mike,Michael Brown,1
1445,edavis,Jessica Harris,0
1446,em_davis,Emily Davis,1
1447,jharris,Sarah Johnson,0
1448,john,John Smith,1
1449,mikeb,Michael Brown,1
1450,jessica,Jessica Harris,1
1451,jessicah,James Taylor,0
1452,martino,Olivia Martin,1
1453,martino,Sarah Johnson,0
1454,jessicah,David Lee,0
1455,taylorj,John Smith,0
1456,davisem,Emily Davis,1
1457,martino,David Lee,0
1458,jamest,James Taylor,1
1459,martino,Olivia Martin,1
1460,david,David Lee,1
1461,jessica,Olivia Martin,0
1462,j.taylor,James Taylor,1
1463,john,John Smith,1
1464,robw,Robert White,1
1465,sjohnson,Sarah Johnson,1
1466,olivia,Sarah Johnson,0
1467,harrisj,Robert White,0
1468,michaelbrown,Michael Brown,1
1469,robertw,Robert White,1
1470,robwhite,John Smith,0
1471,davisem,Emily Davis,1
1472,smithj,John Smith,1
1473,michael_b,David Lee,0
1474,lauraw,James Taylor,0
1475,smithj,John Smith,1
1476,l.wilson,Jessica Harris,0
1477,wilsonl,Michael Brown,0
1478,davidlee,Robert White,0
1479,jamest,James Taylor,1
1480,robw,Robert White,1
1481,white.r,Robert White,1
1482,jessica,Sarah Johnson,0
1483,emily,Emily Davis,1
1484,emily_d,Emily Davis,1
1485,emily,Olivia Martin,0
1486,emilydavis,Jessica Harris,0
1487,robw,Michael Brown,0
1488,mike,Michael Brown,1
1489,michael_b,Olivia Martin,0
1490,mikeb,Michael Brown,1
1491,smithj,James Taylor,0
1492,mikeb,Olivia Martin,0
1493,johnny_s,Jessica Harris,0
1494,james_t,Robert White,0
1495,johnsmith,Michael Brown,0
1496,jamest,Laura Wilson,0
1497,jess,Jessica Harris,1
1498,jamest,John Smith,0
1499,dlee,Olivia Martin,0
1500,jtaylor,James Taylor,1
1501,j.harris,David Lee,0
1502,s.johnson,Sarah Johnson,1
1503,rwhite,Michael Brown,0
1504,davidlee,Robert White,0
1505,lwilson,David Lee,0
1506,jessicah,John Smith,0
1507,lwilson,Laura Wilson,1
1508,mike,David Lee,0
1509,davidlee,James Taylor,0
1510,j.taylor,Olivia Martin,0
1511,m.brown,Olivia Martin,0
1512,olivia,Emily Davis,0
1513,saraj,Sarah Johnson,1
1514,davisem,Emily Davis,1
1515,olivia.m,Olivia Martin,1
1516,sarah,Michael Brown,0
1517,leed,Emily Davis,0
1518,davidlee,Emily Davis,0
1519,d.lee,Laura Wilson,0
1520,emilydavis,Emily Davis,1
1521,robert,Sarah Johnson,0
1522,oliviam,Olivia Martin,1
1523,m.brown,Olivia Martin,0
1524,johnny,Emily Davis,0
1525,mbrown,Jessica Harris,0
1526,rwhite,Robert White,1
1527,taylorj,Robert White,0
1528,harrisj,Jessica Harris,1
1529,wilsonl,Laura Wilson,1
1530,laura.w,Laura Wilson,1
1531,dlee,David Lee,1
1532,martin_olivia,Olivia Martin,1
1533,david,David Lee,1
1534,s.johnson,Sarah Johnson,1
1535,sjohnson,Sarah Johnson,1
1536,olivia.m,Olivia Martin,1
1537,lee_david,David Lee,1
1538,robw,Robert White,1
1539,dlee,David Lee,1
1540,davisem,Sarah Johnson,0
1541,j.taylor,Emily Davis,0
1542,johnsons,Sarah Johnson,1
1543,jessicah,Jessica Harris,1
1544,s.johnson,Sarah Johnson,1
1545,mike,Sarah Johnson,0
1546,sarahjohnson,Olivia Martin,0
1547,jharris,Jessica Harris,1
1548,wilsonl,Laura Wilson,1
1549,david,David Lee,1
1550,lwilson,Laura Wilson,1
1551,mikeb,Michael Brown,1
1552,michaelbrown,Jessica Harris,0
1553,m.brown,Emily Davis,0
1554,mbrown,Sarah Johnson,0
1555,johnsons,Sarah Johnson,1
1556,s.johnson,John Smith,0
1557,sarahjohnson,Sarah Johnson,1
1558,john_smith,John Smith,1
1559,robert,Robert White,1
1560,jharris,John Smith,0
1561,emily,Jessica Harris,0
1562,sarah,Sarah Johnson,1
1563,brownm,James Taylor,0
1564,johnsmith,David Lee,0
1565,davisem,David Lee,0
1566,rwhite,Robert White,1
1567,martino,David Lee,0
1568,jess,Jessica Harris,1
1569,jess,Jessica Harris,1
1570,jsmith,James Taylor,0
1571,jtaylor,Olivia Martin,0
1572,michaelbrown,Robert White,0
1573,j.harris,Laura Wilson,0
1574,james,James Taylor,1
1575,jamest,James Taylor,1
1576,lwilson,Laura Wilson,1
1577,leed,David Lee,1
1578,m.brown,Laura Wilson,0
1579,emily,Jessica Harris,0
1580,omartin,David Lee,0
1581,rwhite,Laura Wilson,0
1582,jamest,Robert White,0
1583,harrisj,Michael Brown,0
1584,john.smith,John Smith,1
1585,m.brown,Emily Davis,0
1586,michaelbrown,James Taylor,0
1587,sarah,Sarah Johnson,1
1588,d.lee,David Lee,1
1589,john,John Smith,1
1590,wilsonl,Sarah Johnson,0
1591,saraj,Sarah Johnson,1
1592,edavis,Emily Davis,1
1593,martin_olivia,Laura Wilson,0
1594,wilsonl,Laura Wilson,1
1595,johnsons,Sarah Johnson,1
1596,saraj,Sarah Johnson,1
1597,leed,Michael Brown,0
1598,rwhite,Robert White,1
1599,laura,Laura Wilson,1
1600,oliviam,Olivia Martin,1
1601,s.johnson,Jessica Harris,0
1602,omartin,Olivia Martin,1
1603,martin_olivia,James Taylor,0
1604,j.harris,James Taylor,0
1605,harrisj,Emily Davis,0
1606,emily,Laura Wilson,0
1607,robertw,Robert White,1
1608,john.smith,Laura Wilson,0
1609,emilydavis,Emily Davis,1
1610,johnsmith,John Smith,1
1611,john,Robert White,0
1612,white.r,Robert White,1
1613,martin_olivia,Olivia Martin,1
1614,jessicah,Jessica Harris,1
1615,robw,Laura Wilson,0
1616,j.smith,John Smith,1
1617,jharris,Laura Wilson,0
1618,jamest,Robert White,0
1619,olivia.m,Emily Davis,0
1620,robwhite,Robert White,1
1621,robwhite,Sarah Johnson,0
1622,sjohnson,John Smith,0
1623,james_t,Olivia Martin,0
1624,j.smith,John Smith,1
1625,em.davis,David Lee,0
1626,s.johnson,David Lee,0
1627,d.lee,Olivia Martin,0
1628,mbrown,Jessica Harris,0
1629,leed,Robert White,0
1630,mike,Robert White,0
1631,david,David Lee,1
1632,davidlee,James Taylor,0
1633,oliviam,Sarah Johnson,0
1634,johnny,John Smith,1
1635,martin_olivia,Emily Davis,0
1636,robert,Robert White,1
1637,martino,James Taylor,0
1638,james,James Taylor,1
1639,jess,Jessica Harris,1
1640,olivia,Olivia Martin,1
1641,oliviam,Jessica Harris,0
1642,l.wilson,Laura Wilson,1
1643,robw,Robert White,1
1644,james,John Smith,0
1645,dlee,David Lee,1
1646,d.lee,John Smith,0
1647,john_smith,John Smith,1
1648,rwhite,Robert White,1
1649,robertw,Robert White,1
1650,johnny_s,Emily Davis,0
1651,omartin,Laura Wilson,0
1652,james_t,James Taylor,1
1653,michael_b,Michael Brown,1
1654,j.taylor,Olivia Martin,0
1655,m.brown,Jessica Harris,0
1656,sjohnson,Sarah Johnson,1
1657,sarahj,Sarah Johnson,1
1658,jessicah,James Taylor,0
1659,l.wilson,Laura Wilson,1
1660,j.harris,Jessica Harris,1
1661,johnsmith,Michael Brown,0
1662,johnny_s,Emily Davis,0
1663,robw,Robert White,1
1664,sarahjohnson,Sarah Johnson,1
1665,john_smith,John Smith,1
1666,johnsons,Robert White,0
1667,james,Robert White,0
1668,j.taylor,Emily Davis,0
1669,sjohnson,Laura Wilson,0
1670,johnsons,Sarah Johnson,1
1671,j.harris,Olivia Martin,0
1672,emily_d,Emily Davis,1
1673,johnsons,Sarah Johnson,1
1674,david,David Lee,1
1675,s.johnson,Sarah Johnson,1
1676,m.brown,David Lee,0
1677,jessicah,Jessica Harris,1
1678,robw,Robert White,1
1679,white.r,Robert White,1
1680,j.taylor,James Taylor,1
1681,jsmith,Laura Wilson,0
1682,white.r,Robert White,1
1683,david,Robert White,0
1684,jess,Michael Brown,0
1685,john_smith,John Smith,1
1686,saraj,Sarah Johnson,1
1687,j.harris,David Lee,0
1688,robw,Sarah Johnson,0
1689,oliviam,James Taylor,0
1690,sarahj,Emily Davis,0
1691,lauraw,John Smith,0
1692,michael_b,Jessica Harris,0
1693,em_davis,Robert White,0
1694,david,David Lee,1
1695,sarah,Sarah Johnson,1
1696,john_smith,John Smith,1
1697,robert,Robert White,1
1698,jtaylor,James Taylor,1
1699,sarahjohnson,David Lee,0
1700,robw,David Lee,0
1701,johnsons,Olivia Martin,0
1702,sarahjohnson,Sarah Johnson,1
1703,mike,Michael Brown,1
1704,lwilson,Laura Wilson,1
1705,lwilson,Michael Brown,0
1706,olivia,Olivia Martin,1
1707,martin_olivia,Laura Wilson,0
1708,johnny_s,John Smith,1
1709,m.brown,Michael Brown,1
1710,l.wilson,Laura Wilson,1
1711,davisem,Olivia Martin,0
1712,harrisj,Jessica Harris,1
1713,jharris,Jessica Harris,1
1714,jessica,John Smith,0
1715,jamest,James Taylor,1
1716,davisem,David Lee,0
1717,davidlee,Michael Brown,0
1718,martin_olivia,Olivia Martin,1
1719,jtaylor,James Taylor,1
1720,robwhite,Laura Wilson,0
1721,michael_b,Michael Brown,1
1722,michaelbrown,Michael Brown,1
1723,oliviam,Olivia Martin,1
1724,brownm,Michael Brown,1
1725,robwhite,Michael Brown,0
1726,mike,Robert White,0
1727,omartin,Olivia Martin,1
1728,sarahj,Sarah Johnson,1
1729,davidlee,David Lee,1
1730,robert,Michael Brown,0
1731,robertw,Robert White,1
1732,dlee,Michael Brown,0
1733,em.davis,Emily Davis,1
1734,jess,Laura Wilson,0
1735,em_davis,Emily Davis,1
1736,james_t,James Taylor,1
1737,mbrown,Olivia Martin,0
1738,robert,Emily Davis,0
1739,lee_david,Jessica Harris,0
1740,sarahjohnson,Sarah Johnson,1
1741,jtaylor,James Taylor,1
1742,john,John Smith,1
1743,j.taylor,James Taylor,1
1744,james_t,Olivia Martin,0
1745,harrisj,Jessica Harris,1
1746,emily_d,Olivia Martin,0
1747,wilsonl,Laura Wilson,1
1748,taylorj,James Taylor,1
1749,john_smith,Olivia Martin,0
1750,lee_david,James Taylor,0
1751,rwhite,Jessica Harris,0
1752,james_t,John Smith,0
1753,michael_b,Jessica Harris,0
1754,jess,Robert White,0
1755,lee_david,David Lee,1
1756,m.brown,Michael Brown,1
1757,white.r,Olivia Martin,0
1758,jsmith,Michael Brown,0
1759,sarah,Sarah Johnson,1
1760,robertw,David Lee,0
1761,taylorj,James Taylor,1
1762,davisem,Emily Davis,1
1763,em_davis,Emily Davis,1
1764,wilsonl,Laura Wilson,1
1765,jharris,David Lee,0
1766,michaelbrown,David Lee,0
1767,mbrown,Michael Brown,1
1768,wilsonl,Michael Brown,0
1769,saraj,Michael Brown,0
1770,olivia,Robert White,0
1771,l.wilson,Michael Brown,0
1772,mbrown,Robert White,0
1773,lwilson,Laura Wilson,1
1774,martin_olivia,Olivia Martin,1
1775,robert,Robert White,1
1776,johnny,Emily Davis,0
1777,emily,Michael Brown,0
1778,leed,David Lee,1
1779,robwhite,Emily Davis,0
1780,james,James Taylor,1
1781,johnny,Emily Davis,0
1782,wilsonl,Laura Wilson,1
1783,lauraw,Robert White,0
1784,omartin,Michael Brown,0
1785,oliviam,Olivia Martin,1
1786,emily_d,Emily Davis,1
1787,davidlee,Laura Wilson,0
1788,sarahjohnson,Laura Wilson,0
1789,jess,Jessica Harris,1
1790,jess,John Smith,0
1791,omartin,Emily Davis,0
1792,jharris,Sarah Johnson,0
1793,s.johnson,John Smith,0
1794,lauraw,John Smith,0
1795,davisem,Olivia Martin,0
1796,olivia,John Smith,0
1797,lee_david,David Lee,1
1798,em_davis,Emily Davis,1
1799,d.lee,James Taylor,0
1800,olivia.m,Olivia Martin,1
1801,olivia,Olivia Martin,1
1802,michael_b,Robert White,0
1803,sarahjohnson,Emily Davis,0
1804,davidlee,David Lee,1
1805,jharris,Jessica Harris,1
1806,omartin,Olivia Martin,1
1807,mbrown,Michael Brown,1
1808,oliviam,David Lee,0
1809,brownm,Michael Brown,1
1810,olivia,Emily Davis,0
1811,lwilson,Laura Wilson,1
1812,rwhite,Robert White,1
1813,m.brown,Robert White,0
1814,omartin,James Taylor,0
1815,white.r,Robert White,1
1816,em.davis,Emily Davis,1
1817,laura,Laura Wilson,1
1818,sarahjohnson,Jessica Harris,0
1819,lauraw,Robert White,0
1820,wilsonl,Emily Davis,0
1821,james_t,James Taylor,1
1822,james,Michael Brown,0
1823,john.smith,John Smith,1
1824,rwhite,Robert White,1
1825,oliviam,David Lee,0
1826,em.davis,Olivia Martin,0
1827,jessicah,Robert White,0
1828,david,David Lee,1
1829,johnny,John Smith,1
1830,davidlee,Emily Davis,0
1831,jess,Michael Brown,0
1832,oliviam,Emily Davis,0
1833,taylorj,James Taylor,1
1834,martino,Jessica Harris,0
1835,j.harris,Jessica Harris,1
1836,john.smith,John Smith,1
1837,dlee,Emily Davis,0
1838,davidlee,David Lee,1
1839,lee_david,David Lee,1
1840,michael_b,Michael Brown,1
1841,brownm,Michael Brown,1
1842,john,John Smith,1
1843,omartin,Olivia Martin,1
1844,j.smith,Jessica Harris,0
1845,lee_david,David Lee,1
1846,jsmith,John Smith,1
1847,martin_olivia,Olivia Martin,1
1848,jessicah,Jessica Harris,1
1849,john.smith,John Smith,1
1850,rwhite,Olivia Martin,0
1851,michael_b,Laura Wilson,0
1852,johnny,John Smith,1
1853,oliviam,Olivia Martin,1
1854,em.davis,Laura Wilson,0
1855,mbrown,Michael Brown,1
1856,harrisj,Jessica Harris,1
1857,saraj,Sarah Johnson,1
1858,em.davis,Emily Davis,1
1859,jessicah,Jessica Harris,1
1860,mike,Olivia Martin,0
1861,dlee,David Lee,1
1862,jtaylor,James Taylor,1
1863,sjohnson,Sarah Johnson,1
1864,lauraw,Laura Wilson,1
1865,davidlee,Laura Wilson,0
1866,j.smith,John Smith,1
1867,johnsmith,Michael Brown,0
1868,jessica,Jessica Harris,1
1869,jamest,James Taylor,1
1870,emily,Jessica Harris,0
1871,leed,David Lee,1
1872,laura,Olivia Martin,0
1873,mikeb,Michael Brown,1
1874,laura,Laura Wilson,1
1875,lee_david,John Smith,0
1876,emily,Emily Davis,1
1877,brownm,Michael Brown,1
1878,mike,Jessica Harris,0
1879,robertw,Jessica Harris,0
1880,davidlee,Laura Wilson,0
1881,s.johnson,Laura Wilson,0
1882,john,John Smith,1
1883,michael_b,Michael Brown,1
1884,wilsonl,Laura Wilson,1
1885,jess,Emily Davis,0
1886,jharris,Jessica Harris,1
1887,em.davis,Emily Davis,1
1888,jsmith,Olivia Martin,0
1889,john.smith,Laura Wilson,0
1890,l.wilson,Laura Wilson,1
1891,johnsmith,John Smith,1
1892,dlee,David Lee,1
1893,robertw,Jessica Harris,0
1894,martin_olivia,Olivia Martin,1
1895,david,Olivia Martin,0
1896,taylorj,Robert White,0
1897,m.brown,Michael Brown,1
1898,harrisj,Sarah Johnson,0
1899,lwilson,Jessica Harris,0
1900,leed,James Taylor,0
1901,johnny_s,Olivia Martin,0
1902,dlee,Jessica Harris,0
1903,johnsons,Emily Davis,0
1904,l.wilson,Sarah Johnson,0
1905,michael_b,Michael Brown,1
1906,olivia.m,Emily Davis,0
1907,davisem,Sarah Johnson,0
1908,martino,John Smith,0
1909,johnsmith,John Smith,1
1910,taylorj,Sarah Johnson,0
1911,david,David Lee,1
1912,johnsons,Sarah Johnson,1
1913,jamest,Laura Wilson,0
1914,johnny_s,John Smith,1
1915,sarah,Sarah Johnson,1
1916,mike,Michael Brown,1
1917,j.harris,Jessica Harris,1
1918,mikeb,Olivia Martin,0
1919,michaelbrown,Michael Brown,1
1920,s.johnson,Sarah Johnson,1
1921,sarahjohnson,Sarah Johnson,1
1922,laura,Laura Wilson,1
1923,sarah,Laura Wilson,0
1924,mikeb,Michael Brown,1
1925,david,Laura Wilson,0
1926,robertw,Olivia Martin,0
1927,l.wilson,James Taylor,0
1928,mike,Michael Brown,1
1929,james,James Taylor,1
1930,davidlee,David Lee,1
1931,harrisj,Laura Wilson,0
1932,davidlee,David Lee,1
1933,saraj,John Smith,0
1934,mike,Michael Brown,1
1935,jessica,Emily Davis,0
1936,wilsonl,Robert White,0
1937,j.harris,David Lee,0
1938,omartin,Jessica Harris,0
1939,lee_david,Olivia Martin,0
1940,robw,Robert White,1
1941,em_davis,Laura Wilson,0
1942,white.r,Robert White,1
1943,johnny,John Smith,1
1944,sjohnson,Laura Wilson,0
1945,john.smith,John Smith,1
1946,sarahjohnson,Jessica Harris,0
1947,mike,Robert White,0
1948,james,Emily Davis,0
1949,white.r,Robert White,1
1950,michael_b,Michael Brown,1
1951,laura,Laura Wilson,1
1952,j.harris,Jessica Harris,1
1953,sarah,Sarah Johnson,1
1954,jtaylor,James Taylor,1
1955,sarahjohnson,Sarah Johnson,1
1956,emily_d,Emily Davis,1
1957,saraj,Sarah Johnson,1
1958,johnny,John Smith,1
1959,taylorj,Olivia Martin,0
1960,j.taylor,Emily Davis,0
1961,john,John Smith,1
1962,rwhite,Michael Brown,0
1963,michaelbrown,Robert White,0
1964,mbrown,Emily Davis,0
1965,sjohnson,Sarah Johnson,1
1966,davidlee,John Smith,0
1967,davidlee,David Lee,1
1968,brownm,James Taylor,0
1969,oliviam,Olivia Martin,1
1970,emily_d,Emily Davis,1
1971,s.johnson,Jessica Harris,0
1972,robert,Robert White,1
1973,mike,James Taylor,0
1974,martino,Emily Davis,0
1975,james,Olivia Martin,0
1976,taylorj,Robert White,0
1977,laura.w,Laura Wilson,1
1978,robwhite,Robert White,1
1979,jessica,Robert White,0
1980,jess,Sarah Johnson,0
1981,michaelbrown,Emily Davis,0
1982,robwhite,Robert White,1
1983,martino,Olivia Martin,1
1984,lauraw,Laura Wilson,1
1985,rwhite,Olivia Martin,0
1986,johnny,Laura Wilson,0
1987,jamest,James Taylor,1
1988,martin_olivia,Laura Wilson,0
1989,s.johnson,Laura Wilson,0
1990,johnsons,Sarah Johnson,1
1991,jharris,Jessica Harris,1
1992,davidlee,David Lee,1
1993,smithj,David Lee,0
1994,robertw,Robert White,1
1995,laura.w,Michael Brown,0
1996,wilsonl,John Smith,0
1997,sjohnson,Emily Davis,0
1998,james_t,James Taylor,1
1999,john,James Taylor,0
2000,johnny_s,Olivia Martin,0
2001,martin_olivia,Olivia Martin,1
2002,mbrown,Sarah Johnson,0
2003,rwhite,Laura Wilson,0
2004,em_davis,James Taylor,0
2005,john_smith,Jessica Harris,0
2006,rwhite,Robert White,1
2007,oliviam,James Taylor,0
2008,l.wilson,Olivia Martin,0
2009,john.smith,John Smith,1
2010,martin_olivia,John Smith,0
2011,mbrown,Michael Brown,1
2012,robertw,Laura Wilson,0
2013,john,John Smith,1
2014,james,James Taylor,1
2015,jamest,James Taylor,1
2016,robert,Robert White,1
2017,olivia.m,Olivia Martin,1
2018,j.taylor,James Taylor,1
2019,john.smith,Laura Wilson,0
2020,davidlee,Jessica Harris,0
2021,jess,Jessica Harris,1
2022,jessica,David Lee,0
2023,omartin,Jessica Harris,0
2024,saraj,Emily Davis,0
2025,mike,Michael Brown,1
2026,mike,Sarah Johnson,0
2027,mike,Michael Brown,1
2028,jessica,Jessica Harris,1
2029,robw,Robert White,1
2030,j.taylor,Olivia Martin,0
2031,lwilson,Laura Wilson,1
2032,lauraw,Laura Wilson,1
2033,robwhite,Laura Wilson,0
2034,saraj,Emily Davis,0
2035,davidlee,Robert White,0
2036,emily,Robert White,0
2037,john_smith,John Smith,1
2038,martino,Olivia Martin,1
2039,robertw,Robert White,1
2040,oliviam,Olivia Martin,1
2041,martino,James Taylor,0
2042,lee_david,David Lee,1
2043,jess,James Taylor,0
2044,j.smith,John Smith,1
2045,saraj,Sarah Johnson,1
2046,john.smith,John Smith,1
2047,michael_b,Michael Brown,1
2048,jharris,Sarah Johnson,0
2049,emily_d,Sarah Johnson,0
2050,j.smith,Robert White,0
2051,olivia.m,James Taylor,0
2052,harrisj,Jessica Harris,1
2053,mikeb,Michael Brown,1
2054,jtaylor,David Lee,0
2055,sjohnson,Sarah Johnson,1
2056,johnsons,Sarah Johnson,1
2057,m.brown,Michael Brown,1
2058,saraj,Sarah Johnson,1
2059,michaelbrown,David Lee,0
2060,em.davis,Emily Davis,1
2061,michaelbrown,David Lee,0
2062,j.taylor,James Taylor,1
2063,saraj,Sarah Johnson,1
2064,mikeb,Jessica Harris,0
2065,omartin,John Smith,0
2066,sarahj,Sarah Johnson,1
2067,taylorj,James Taylor,1
2068,robertw,Jessica Harris,0
2069,j.taylor,Olivia Martin,0
2070,james_t,James Taylor,1
2071,michaelbrown,Sarah Johnson,0
2072,david,Olivia Martin,0
2073,j.taylor,James Taylor,1
2074,sarahj,Olivia Martin,0
2075,leed,David Lee,1
2076,d.lee,David Lee,1
2077,sarahjohnson,David Lee,0
2078,jessica,Sarah Johnson,0
2079,lwilson,Michael Brown,0
2080,rwhite,Robert White,1
2081,leed,John Smith,0
2082,d.lee,Jessica Harris,0
2083,mikeb,Robert White,0
2084,smithj,Sarah Johnson,0
2085,robw,James Taylor,0
2086,lwilson,Laura Wilson,1
2087,johnny_s,John Smith,1
2088,johnsmith,Laura Wilson,0
2089,m.brown,Jessica Harris,0
2090,j.taylor,James Taylor,1
2091,j.smith,Sarah Johnson,0
2092,jess,Jessica Harris,1
2093,jharris,Jessica Harris,1
2094,laura.w,Robert White,0
2095,jessicah,Laura Wilson,0
2096,smithj,John Smith,1
2097,sarahj,Laura Wilson,0
2098,martino,Jessica Harris,0
2099,em_davis,Emily Davis,1
2100,jess,James Taylor,0
2101,david,Robert White,0
2102,olivia,John Smith,0
2103,oliviam,Olivia Martin,1
2104,em.davis,Emily Davis,1
2105,robwhite,Olivia Martin,0
2106,mbrown,Michael Brown,1
2107,laura.w,Laura Wilson,1
2108,oliviam,James Taylor,0
2109,omartin,John Smith,0
2110,sjohnson,Sarah Johnson,1
2111,michaelbrown,Olivia Martin,0
2112,johnsons,James Taylor,0
2113,laura,Laura Wilson,1
2114,david,David Lee,1
2115,robert,Robert White,1
2116,robert,David Lee,0
2117,m.brown,James Taylor,0
2118,martino,Olivia Martin,1
2119,mikeb,Jessica Harris,0
2120,sarahjohnson,Sarah Johnson,1
2121,jamest,David Lee,0
2122,john.smith,Emily Davis,0
2123,sarahj,Sarah Johnson,1
2124,john_smith,David Lee,0
2125,michael_b,Sarah Johnson,0
2126,emilydavis,Emily Davis,1
2127,emily_d,Emily Davis,1
2128,lwilson,Olivia Martin,0
2129,olivia.m,Olivia Martin,1
2130,jharris,Laura Wilson,0
2131,michael_b,Michael Brown,1
2132,martino,Olivia Martin,1
2133,robert,Robert White,1
2134,jessica,Robert White,0
2135,jsmith,John Smith,1
2136,lwilson,Laura Wilson,1
2137,emily_d,Michael Brown,0
2138,emily,Olivia Martin,0
2139,lauraw,Laura Wilson,1
2140,martino,Olivia Martin,1
2141,martino,Olivia Martin,1
2142,olivia.m,John Smith,0
2143,michaelbrown,Olivia Martin,0
2144,j.harris,Olivia Martin,0
2145,johnsons,Sarah Johnson,1
2146,robw,Jessica Harris,0
2147,johnsons,Sarah Johnson,1
2148,johnsons,Sarah Johnson,1
2149,john_smith,John Smith,1
2150,s.johnson,Sarah Johnson,1
2151,harrisj,Jessica Harris,1
2152,rwhite,Michael Brown,0
2153,robertw,Robert White,1
2154,em_davis,Sarah Johnson,0
2155,james_t,James Taylor,1
2156,sarah,Sarah Johnson,1
2157,johnsons,Sarah Johnson,1
2158,omartin,Olivia Martin,1
2159,white.r,Jessica Harris,0
2160,lauraw,Robert White,0
2161,white.r,Robert White,1
2162,olivia,Olivia Martin,1
2163,l.wilson,Olivia Martin,0
2164,johnsons,Sarah Johnson,1
2165,em.davis,Emily Davis,1
2166,jamest,James Taylor,1
2167,s.johnson,David Lee,0
2168,rwhite,Jessica Harris,0
2169,robwhite,Robert White,1
2170,white.r,David Lee,0
2171,jamest,James Taylor,1
2172,jamest,James Taylor,1
2173,lee_david,David Lee,1
2174,jessicah,Jessica Harris,1
2175,robw,Robert White,1
2176,white.r,Robert White,1
2177,emilydavis,Michael Brown,0
2178,rwhite,Robert White,1
2179,sarahjohnson,John Smith,0
2180,lauraw,Olivia Martin,0
2181,brownm,Sarah Johnson,0
2182,james,James Taylor,1
2183,leed,David Lee,1
2184,james_t,David Lee,0
2185,david,David Lee,1
2186,dlee,David Lee,1
2187,white.r,Robert White,1
2188,em.davis,Emily Davis,1
2189,olivia,Laura Wilson,0
2190,em_davis,Emily Davis,1
2191,taylorj,Robert White,0
2192,d.lee,John Smith,0
2193,j.taylor,Emily Davis,0
2194,lee_david,Emily Davis,0
2195,martino,Sarah Johnson,0
2196,rwhite,Laura Wilson,0
2197,david,Emily Davis,0
2198,leed,David Lee,1
2199,david,Sarah Johnson,0
2200,martin_olivia,Emily Davis,0
2201,omartin,Laura Wilson,0
2202,harrisj,Jessica Harris,1
2203,m.brown,Michael Brown,1
2204,sjohnson,Sarah Johnson,1
2205,s.johnson,Robert White,0
2206,lwilson,Emily Davis,0
2207,mikeb,David Lee,0
2208,johnny,Emily Davis,0
2209,saraj,Sarah Johnson,1
2210,james,Robert White,0
2211,lwilson,Laura Wilson,1
2212,mikeb,Michael Brown,1
2213,saraj,John Smith,0
2214,em.davis,Emily Davis,1
2215,john_smith,John Smith,1
2216,sarahjohnson,Michael Brown,0
2217,robertw,Robert White,1
2218,davisem,Emily Davis,1
2219,harrisj,James Taylor,0
2220,jess,Emily Davis,0
2221,martin_olivia,Olivia Martin,1
2222,davidlee,Laura Wilson,0
2223,harrisj,Jessica Harris,1
2224,mbrown,Michael Brown,1
2225,saraj,John Smith,0
2226,laura,Laura Wilson,1
2227,lauraw,Laura Wilson,1
2228,jamest,James Taylor,1
2229,lwilson,John Smith,0
2230,d.lee,David Lee,1
2231,michael_b,James Taylor,0
2232,mikeb,Michael Brown,1
2233,johnsmith,Jessica Harris,0
2234,martin_olivia,Olivia Martin,1
2235,s.johnson,James Taylor,0
2236,michaelbrown,Michael Brown,1
2237,jessicah,James Taylor,0
2238,smithj,James Taylor,0
2239,d.lee,David Lee,1
2240,s.johnson,Sarah Johnson,1
2241,j.harris,Jessica Harris,1
2242,emily_d,Robert White,0
2243,sarahjohnson,John Smith,0
2244,em_davis,Olivia Martin,0
2245,michaelbrown,Sarah Johnson,0
2246,jtaylor,John Smith,0
2247,david,Jessica Harris,0
2248,olivia,Olivia Martin,1
2249,saraj,Sarah Johnson,1
2250,johnsons,James Taylor,0
2251,j.smith,John Smith,1
2252,j.smith,Emily Davis,0
2253,emily_d,Emily Davis,1
2254,davidlee,Michael Brown,0
2255,james_t,James Taylor,1
2256,saraj,Jessica Harris,0
2257,oliviam,Laura Wilson,0
2258,jharris,Jessica Harris,1
2259,d.lee,David Lee,1
2260,john_smith,Emily Davis,0
2261,oliviam,Olivia Martin,1
2262,emilydavis,Emily Davis,1
2263,davisem,Emily Davis,1
2264,sarahj,David Lee,0
2265,white.r,James Taylor,0
2266,davisem,Laura Wilson,0
2267,jamest,James Taylor,1
2268,john,Emily Davis,0
2269,sjohnson,Sarah Johnson,1
2270,olivia,Michael Brown,0
2271,d.lee,Laura Wilson,0
2272,michael_b,James Taylor,0
2273,omartin,John Smith,0
2274,oliviam,Olivia Martin,1
2275,emilydavis,Emily Davis,1
2276,james,Olivia Martin,0
2277,harrisj,John Smith,0
2278,white.r,Robert White,1
2279,mbrown,Michael Brown,1
2280,david,David Lee,1
2281,olivia,Laura Wilson,0
2282,wilsonl,Laura Wilson,1
2283,l.wilson,John Smith,0
2284,martino,Michael Brown,0
2285,davisem,Olivia Martin,0
2286,johnny_s,Emily Davis,0
2287,oliviam,Robert White,0
2288,j.smith,John Smith,1
2289,em_davis,John Smith,0
2290,jessica,Jessica Harris,1
2291,mikeb,Michael Brown,1
2292,edavis,Emily Davis,1
2293,j.taylor,James Taylor,1
2294,john.smith,Laura Wilson,0
2295,jessica,Michael Brown,0
2296,james_t,James Taylor,1
2297,martin_olivia,John Smith,0
2298,laura,Robert White,0
2299,martin_olivia,Laura Wilson,0
2300,oliviam,Emily Davis,0
2301,martin_olivia,Michael Brown,0
2302,michaelbrown,Michael Brown,1
2303,mbrown,David Lee,0
2304,mbrown,Michael Brown,1
2305,saraj,Sarah Johnson,1
2306,robwhite,Robert White,1
2307,s.johnson,David Lee,0
2308,omartin,John Smith,0
2309,robertw,Robert White,1
2310,michael_b,David Lee,0
2311,sarahjohnson,Sarah Johnson,1
2312,michael_b,Jessica Harris,0
2313,j.taylor,James Taylor,1
2314,jsmith,John Smith,1
2315,emilydavis,Emily Davis,1
2316,smithj,John Smith,1
2317,mbrown,David Lee,0
2318,jessicah,Jessica Harris,1
2319,lwilson,Laura Wilson,1
2320,emily,James Taylor,0
2321,emilydavis,Emily Davis,1
2322,robert,Robert White,1
2323,sjohnson,John Smith,0
2324,s.johnson,Sarah Johnson,1
2325,jessicah,Michael Brown,0
2326,m.brown,David Lee,0
2327,white.r,James Taylor,0
2328,sjohnson,Sarah Johnson,1
2329,jessicah,Robert White,0
2330,taylorj,Laura Wilson,0
2331,michael_b,John Smith,0
2332,j.smith,John Smith,1
2333,jessica,Jessica Harris,1
2334,jsmith,John Smith,1
2335,emily_d,Emily Davis,1
2336,michael_b,James Taylor,0
2337,emilydavis,Emily Davis,1
2338,david,David Lee,1
2339,em_davis,John Smith,0
2340,johnny,John Smith,1
2341,taylorj,James Taylor,1
2342,saraj,David Lee,0
2343,j.smith,John Smith,1
2344,martin_olivia,Olivia Martin,1
2345,taylorj,James Taylor,1
2346,olivia,Olivia Martin,1
2347,smithj,John Smith,1
2348,olivia,Olivia Martin,1
2349,robertw,Robert White,1
2350,jtaylor,James Taylor,1
2351,mike,Michael Brown,1
2352,michael_b,David Lee,0
2353,robert,Robert White,1
2354,saraj,Sarah Johnson,1
2355,rwhite,Emily Davis,0
2356,jessica,Jessica Harris,1
2357,michaelbrown,Michael Brown,1
2358,saraj,Robert White,0
2359,smithj,James Taylor,0
2360,johnsons,Sarah Johnson,1
2361,michael_b,Michael Brown,1
2362,white.r,Robert White,1
2363,saraj,Emily Davis,0
2364,david,Michael Brown,0
2365,sarah,Sarah Johnson,1
2366,smithj,John Smith,1
2367,rwhite,Olivia Martin,0
2368,jamest,Laura Wilson,0
2369,laura,Laura Wilson,1
2370,harrisj,Jessica Harris,1
2371,taylorj,James Taylor,1
2372,martin_olivia,Olivia Martin,1
2373,davidlee,David Lee,1
2374,sarahjohnson,Robert White,0
2375,rwhite,Olivia Martin,0
2376,m.brown,Michael Brown,1
2377,s.johnson,Sarah Johnson,1
2378,martin_olivia,Olivia Martin,1
2379,em.davis,Jessica Harris,0
2380,harrisj,John Smith,0
2381,sarah,Emily Davis,0
2382,martino,Robert White,0
2383,michael_b,Michael Brown,1
2384,david,David Lee,1
2385,m.brown,Michael Brown,1
2386,olivia.m,Olivia Martin,1
2387,jamest,James Taylor,1
2388,jess,Sarah Johnson,0
2389,oliviam,Olivia Martin,1
2390,brownm,Michael Brown,1
2391,brownm,Sarah Johnson,0
2392,john_smith,David Lee,0
2393,martin_olivia,Olivia Martin,1
2394,robert,Emily Davis,0
2395,sarahjohnson,Sarah Johnson,1
2396,jessica,Jessica Harris,1
2397,olivia,Jessica Harris,0
2398,johnsmith,John Smith,1
2399,johnsons,Sarah Johnson,1
2400,david,David Lee,1
2401,j.taylor,Laura Wilson,0
2402,white.r,Robert White,1
2403,j.smith,David Lee,0
2404,robw,Olivia Martin,0
2405,johnny,John Smith,1
2406,lwilson,Laura Wilson,1
2407,james,James Taylor,1
2408,jharris,Olivia Martin,0
2409,lee_david,David Lee,1
2410,m.brown,Michael Brown,1
2411,johnsmith,John Smith,1
2412,edavis,Emily Davis,1
2413,james_t,Michael Brown,0
2414,leed,John Smith,0
2415,john_smith,John Smith,1
2416,john.smith,John Smith,1
2417,jtaylor,Sarah Johnson,0
2418,saraj,John Smith,0
2419,martino,Olivia Martin,1
2420,laura,Laura Wilson,1
2421,mikeb,Michael Brown,1
2422,jessicah,David Lee,0
2423,johnny,Jessica Harris,0
2424,lwilson,Laura Wilson,1
2425,jtaylor,David Lee,0
2426,olivia.m,Olivia Martin,1
2427,mike,Michael Brown,1
2428,rwhite,Robert White,1
2429,jharris,Jessica Harris,1
2430,michaelbrown,Laura Wilson,0
2431,wilsonl,Laura Wilson,1
2432,michael_b,David Lee,0
2433,j.taylor,James Taylor,1
2434,smithj,John Smith,1
2435,davisem,Emily Davis,1
2436,robertw,Michael Brown,0
2437,robwhite,Laura Wilson,0
2438,johnny,Emily Davis,0
2439,james,James Taylor,1
2440,jamest,Robert White,0
2441,olivia.m,John Smith,0
2442,jsmith,Jessica Harris,0
2443,sarahjohnson,Sarah Johnson,1
2444,jessicah,Jessica Harris,1
2445,jessicah,Laura Wilson,0
2446,david,David Lee,1
2447,emily_d,Emily Davis,1
2448,olivia,Olivia Martin,1
2449,rwhite,Olivia Martin,0
2450,s.johnson,James Taylor,0
2451,jessica,Emily Davis,0
2452,johnsmith,John Smith,1
2453,j.harris,David Lee,0
2454,m.brown,Michael Brown,1
2455,smithj,John Smith,1
2456,james_t,James Taylor,1
2457,taylorj,Olivia Martin,0
2458,lee_david,John Smith,0
2459,lauraw,Jessica Harris,0
2460,lauraw,David Lee,0
2461,l.wilson,Emily Davis,0
2462,james_t,James Taylor,1
2463,john.smith,Laura Wilson,0
2464,martino,Laura Wilson,0
2465,smithj,John Smith,1
2466,s.johnson,Sarah Johnson,1
2467,white.r,Michael Brown,0
2468,martino,John Smith,0
2469,saraj,Sarah Johnson,1
2470,emily_d,Emily Davis,1
2471,jessica,Jessica Harris,1
2472,olivia,Olivia Martin,1
2473,jamest,James Taylor,1
2474,em.davis,James Taylor,0
2475,lee_david,David Lee,1
2476,sjohnson,Emily Davis,0
2477,mbrown,James Taylor,0
2478,jamest,Michael Brown,0
2479,mbrown,Sarah Johnson,0
2480,olivia,Olivia Martin,1
2481,davisem,Emily Davis,1
2482,johnny_s,John Smith,1
2483,jamest,James Taylor,1
2484,laura.w,Jessica Harris,0
2485,robw,Robert White,1
2486,j.harris,Emily Davis,0
2487,john.smith,John Smith,1
2488,s.johnson,Michael Brown,0
2489,emily_d,Emily Davis,1
2490,james,James Taylor,1
2491,emily,Emily Davis,1
2492,robertw,Robert White,1
2493,emilydavis,Emily Davis,1
2494,brownm,Michael Brown,1
2495,lauraw,Emily Davis,0
2496,john,John Smith,1
2497,sarahj,Sarah Johnson,1
2498,saraj,Sarah Johnson,1
2499,robertw,Robert White,1
2500,laura.w,Olivia Martin,0
2501,mbrown,Michael Brown,1
2502,em.davis,David Lee,0
2503,michaelbrown,Michael Brown,1
2504,emily_d,Emily Davis,1
2505,sarahj,Olivia Martin,0
2506,mikeb,James Taylor,0
2507,edavis,Sarah Johnson,0
2508,sarahj,Olivia Martin,0
2509,john,Robert White,0
2510,lwilson,Laura Wilson,1
2511,lwilson,Laura Wilson,1
2512,sarahjohnson,Jessica Harris,0
2513,martin_olivia,Olivia Martin,1
2514,em.davis,Emily Davis,1
2515,sjohnson,Sarah Johnson,1
2516,davidlee,Jessica Harris,0
2517,lwilson,Sarah Johnson,0
2518,j.taylor,James Taylor,1
2519,edavis,Emily Davis,1
2520,mbrown,Laura Wilson,0
2521,sjohnson,Sarah Johnson,1
2522,omartin,Laura Wilson,0
2523,jess,Michael Brown,0
2524,oliviam,Olivia Martin,1
2525,davidlee,David Lee,1
2526,robwhite,Laura Wilson,0
2527,emilydavis,Jessica Harris,0
2528,jtaylor,Robert White,0
2529,jharris,Emily Davis,0
2530,lwilson,Laura Wilson,1
2531,jsmith,John Smith,1
2532,j.smith,Michael Brown,0
2533,jessicah,Michael Brown,0
2534,omartin,Olivia Martin,1
2535,jamest,James Taylor,1
2536,emily_d,Emily Davis,1
2537,david,David Lee,1
2538,harrisj,Emily Davis,0
2539,laura.w,Olivia Martin,0
2540,lauraw,David Lee,0
2541,omartin,John Smith,0
2542,robwhite,Sarah Johnson,0
2543,david,David Lee,1
2544,robert,Robert White,1
2545,david,David Lee,1
2546,davisem,Michael Brown,0
2547,johnsons,Sarah Johnson,1
2548,michael_b,Laura Wilson,0
2549,wilsonl,Laura Wilson,1
2550,martino,Sarah Johnson,0
2551,j.harris,Laura Wilson,0
2552,emilydavis,Jessica Harris,0
2553,dlee,Laura Wilson,0
2554,harrisj,Jessica Harris,1
2555,leed,David Lee,1
2556,em.davis,Emily Davis,1
2557,oliviam,Olivia Martin,1
2558,lauraw,Robert White,0
2559,emily_d,James Taylor,0
2560,laura,Laura Wilson,1
2561,robw,Robert White,1
2562,sarah,Robert White,0
2563,olivia,Robert White,0
2564,wilsonl,Laura Wilson,1
2565,omartin,Michael Brown,0
2566,m.brown,Michael Brown,1
2567,edavis,James Taylor,0
2568,wilsonl,Laura Wilson,1
2569,rwhite,Robert White,1
2570,em.davis,Emily Davis,1
2571,james_t,James Taylor,1
2572,martin_olivia,Robert White,0
2573,rwhite,Emily Davis,0
2574,harrisj,John Smith,0
2575,laura.w,Laura Wilson,1
2576,rwhite,Robert White,1
2577,harrisj,Jessica Harris,1
2578,robwhite,Robert White,1
2579,lwilson,John Smith,0
2580,leed,Michael Brown,0
2581,robertw,Michael Brown,0
2582,jessicah,Jessica Harris,1
2583,em_davis,Robert White,0
2584,john.smith,John Smith,1
2585,saraj,Sarah Johnson,1
2586,sarah,Sarah Johnson,1
2587,d.lee,Emily Davis,0
2588,robert,Emily Davis,0
2589,laura,David Lee,0
2590,martin_olivia,Olivia Martin,1
2591,white.r,Robert White,1
2592,robwhite,John Smith,0
2593,jharris,Olivia Martin,0
2594,john.smith,John Smith,1
2595,l.wilson,Laura Wilson,1
2596,smithj,Laura Wilson,0
2597,martin_olivia,Olivia Martin,1
2598,leed,Sarah Johnson,0
2599,em_davis,David Lee,0
2600,davisem,Sarah Johnson,0
2601,laura,James Taylor,0
2602,olivia.m,Robert White,0
2603,oliviam,Olivia Martin,1
2604,john_smith,John Smith,1
2605,james_t,James Taylor,1
2606,emily,David Lee,0
2607,robertw,Sarah Johnson,0
2608,j.harris,John Smith,0
2609,brownm,Michael Brown,1
2610,saraj,Sarah Johnson,1
2611,davidlee,David Lee,1
2612,taylorj,Michael Brown,0
2613,jtaylor,Olivia Martin,0
2614,emily_d,Emily Davis,1
2615,sarahj,David Lee,0
2616,johnsons,Emily Davis,0
2617,harrisj,Michael Brown,0
2618,davidlee,David Lee,1
2619,david,John Smith,0
2620,martin_olivia,David Lee,0
2621,martin_olivia,Robert White,0
2622,sarah,Sarah Johnson,1
2623,olivia,Olivia Martin,1
2624,taylorj,Michael Brown,0
2625,sjohnson,Sarah Johnson,1
2626,jessica,Jessica Harris,1
2627,david,David Lee,1
2628,lwilson,Michael Brown,0
2629,omartin,Michael Brown,0
2630,emilydavis,Emily Davis,1
2631,james,James Taylor,1
2632,saraj,James Taylor,0
2633,mike,David Lee,0
2634,jharris,David Lee,0
2635,sarahjohnson,Sarah Johnson,1
2636,saraj,Sarah Johnson,1
2637,leed,James Taylor,0
2638,sarahj,Sarah Johnson,1
2639,jessicah,Jessica Harris,1
2640,d.lee,Jessica Harris,0
2641,wilsonl,Emily Davis,0
2642,robwhite,James Taylor,0
2643,olivia,Olivia Martin,1
2644,em.davis,Olivia Martin,0
2645,j.harris,Laura Wilson,0
2646,martino,Robert White,0
2647,emilydavis,Laura Wilson,0
2648,robwhite,Sarah Johnson,0
2649,sjohnson,Olivia Martin,0
2650,white.r,Robert White,1
2651,jessica,Jessica Harris,1
2652,michael_b,Robert White,0
2653,dlee,David Lee,1
2654,martino,James Taylor,0
2655,omartin,James Taylor,0
2656,jtaylor,James Taylor,1
2657,saraj,Sarah Johnson,1
2658,emilydavis,Jessica Harris,0
2659,brownm,Michael Brown,1
2660,omartin,Olivia Martin,1
2661,harrisj,Jessica Harris,1
2662,white.r,Robert White,1
2663,m.brown,Michael Brown,1
2664,jessicah,Jessica Harris,1
2665,laura,Robert White,0
2666,leed,John Smith,0
2667,jamest,James Taylor,1
2668,johnsmith,John Smith,1
2669,johnny_s,John Smith,1
2670,brownm,Michael Brown,1
2671,emily,David Lee,0
2672,dlee,David Lee,1
2673,taylorj,David Lee,0
2674,sarah,Sarah Johnson,1
2675,lwilson,Sarah Johnson,0
2676,sarahjohnson,James Taylor,0
2677,robert,James Taylor,0
2678,sarah,Sarah Johnson,1
2679,james_t,James Taylor,1
2680,white.r,David Lee,0
2681,d.lee,James Taylor,0
2682,emily,Emily Davis,1
2683,lee_david,Olivia Martin,0
2684,robert,Jessica Harris,0
2685,mikeb,Michael Brown,1
2686,jamest,John Smith,0
2687,laura.w,Robert White,0
2688,edavis,David Lee,0
2689,emilydavis,Emily Davis,1
2690,harrisj,Robert White,0
2691,lauraw,Laura Wilson,1
2692,lwilson,Laura Wilson,1
2693,wilsonl,Emily Davis,0
2694,davisem,Jessica Harris,0
2695,michael_b,Olivia Martin,0
2696,robw,Robert White,1
2697,sjohnson,David Lee,0
2698,michaelbrown,Michael Brown,1
2699,sarahjohnson,Sarah Johnson,1
2700,j.smith,John Smith,1
2701,sjohnson,Jessica Harris,0
2702,martin_olivia,Olivia Martin,1
2703,james,James Taylor,1
2704,jessicah,Sarah Johnson,0
2705,mikeb,Michael Brown,1
2706,white.r,James Taylor,0
2707,jess,Olivia Martin,0
2708,emily,David Lee,0
2709,brownm,Michael Brown,1
2710,leed,Michael Brown,0
2711,emilydavis,Emily Davis,1
2712,white.r,Robert White,1
2713,james_t,James Taylor,1
2714,robert,James Taylor,0
2715,omartin,David Lee,0
2716,dlee,Laura Wilson,0
2717,david,Robert White,0
2718,john,John Smith,1
2719,sarah,Sarah Johnson,1
2720,emily_d,Emily Davis,1
2721,edavis,Emily Davis,1
2722,omartin,Olivia Martin,1
2723,oliviam,Robert White,0
2724,j.taylor,Sarah Johnson,0
2725,em.davis,Emily Davis,1
2726,harrisj,Laura Wilson,0
2727,jsmith,Michael Brown,0
2728,martino,Sarah Johnson,0
2729,s.johnson,Sarah Johnson,1
2730,johnny_s,Jessica Harris,0
2731,lwilson,Robert White,0
2732,saraj,Laura Wilson,0
2733,davidlee,David Lee,1
2734,jsmith,Robert White,0
2735,omartin,Olivia Martin,1
2736,davisem,Emily Davis,1
2737,wilsonl,Sarah Johnson,0
2738,j.harris,Olivia Martin,0
2739,lee_david,Sarah Johnson,0
2740,wilsonl,Laura Wilson,1
2741,saraj,Sarah Johnson,1
2742,em_davis,Emily Davis,1
2743,laura,David Lee,0
2744,robert,Robert White,1
2745,sarahj,Sarah Johnson,1
2746,emilydavis,Emily Davis,1
2747,martino,Sarah Johnson,0
2748,smithj,Sarah Johnson,0
2749,jharris,David Lee,0
2750,jessicah,John Smith,0
2751,brownm,Michael Brown,1
2752,taylorj,Laura Wilson,0
2753,emily,Emily Davis,1
2754,davidlee,David Lee,1
2755,james,Emily Davis,0
2756,rwhite,John Smith,0
2757,olivia.m,Olivia Martin,1
2758,l.wilson,Laura Wilson,1
2759,davisem,Emily Davis,1
2760,sarahjohnson,Robert White,0
2761,taylorj,Laura Wilson,0
2762,james_t,Emily Davis,0
2763,martino,Michael Brown,0
2764,laura.w,Olivia Martin,0
2765,sarahj,Olivia Martin,0
2766,robert,Robert White,1
2767,em.davis,John Smith,0
2768,em.davis,Emily Davis,1
2769,brownm,Michael Brown,1
2770,j.taylor,James Taylor,1
2771,white.r,Robert White,1
2772,laura,Emily Davis,0
2773,davisem,Emily Davis,1
2774,laura,Laura Wilson,1
2775,johnny_s,Michael Brown,0
2776,d.lee,David Lee,1
2777,leed,Olivia Martin,0
2778,j.harris,James Taylor,0
2779,wilsonl,Laura Wilson,1
2780,mike,Emily Davis,0
2781,laura.w,Laura Wilson,1
2782,rwhite,Robert White,1
2783,j.taylor,Robert White,0
2784,m.brown,Michael Brown,1
2785,laura,Sarah Johnson,0
2786,jamest,James Taylor,1
2787,sjohnson,Sarah Johnson,1
2788,laura.w,John Smith,0
2789,robert,Emily Davis,0
2790,robw,John Smith,0
2791,jsmith,John Smith,1
2792,white.r,Sarah Johnson,0
2793,j.taylor,James Taylor,1
2794,edavis,Emily Davis,1
2795,david,Jessica Harris,0
2796,mike,Michael Brown,1
2797,jessica,James Taylor,0
2798,sarah,Sarah Johnson,1
2799,leed,David Lee,1
2800,olivia.m,Olivia Martin,1
2801,robw,Emily Davis,0
2802,robert,Robert White,1
2803,lee_david,David Lee,1
2804,sarahjohnson,John Smith,0
2805,m.brown,Sarah Johnson,0
2806,davidlee,Sarah Johnson,0
2807,brownm,David Lee,0
2808,leed,David Lee,1
2809,michael_b,Robert White,0
2810,michaelbrown,Michael Brown,1
2811,brownm,Emily Davis,0
2812,s.johnson,John Smith,0
2813,s.johnson,Laura Wilson,0
2814,jessica,James Taylor,0
2815,oliviam,Michael Brown,0
2816,sarahjohnson,Olivia Martin,0
2817,white.r,Olivia Martin,0
2818,robwhite,Robert White,1
2819,olivia.m,Olivia Martin,1
2820,jessicah,Jessica Harris,1
2821,oliviam,Olivia Martin,1
2822,robw,James Taylor,0
2823,lauraw,Laura Wilson,1
2824,saraj,Robert White,0
2825,dlee,David Lee,1
2826,j.harris,David Lee,0
2827,j.harris,John Smith,0
2828,rwhite,Olivia Martin,0
2829,j.taylor,Emily Davis,0
2830,j.smith,John Smith,1
2831,robw,Robert White,1
2832,laura.w,Robert White,0
2833,jessicah,Jessica Harris,1
2834,dlee,David Lee,1
2835,sarahjohnson,Sarah Johnson,1
2836,white.r,Emily Davis,0
2837,michael_b,Michael Brown,1
2838,saraj,Sarah Johnson,1
2839,davidlee,Laura Wilson,0
2840,lwilson,Laura Wilson,1
2841,edavis,Emily Davis,1
2842,olivia,Olivia Martin,1
2843,olivia,James Taylor,0
2844,sarahj,Sarah Johnson,1
2845,m.brown,Sarah Johnson,0
2846,j.harris,Jessica Harris,1
2847,john,John Smith,1
2848,rwhite,Robert White,1
2849,taylorj,John Smith,0
2850,martin_olivia,Olivia Martin,1
2851,wilsonl,Laura Wilson,1
2852,david,David Lee,1
2853,taylorj,John Smith,0
2854,martin_olivia,James Taylor,0
2855,taylorj,Michael Brown,0
2856,d.lee,David Lee,1
2857,leed,David Lee,1
2858,rwhite,David Lee,0
2859,oliviam,Olivia Martin,1
2860,olivia,Olivia Martin,1
2861,robw,Robert White,1
2862,martino,Olivia Martin,1
2863,mike,Robert White,0
2864,d.lee,Michael Brown,0
2865,emily,Olivia Martin,0
2866,jamest,Olivia Martin,0
2867,sjohnson,Jessica Harris,0
2868,j.smith,Sarah Johnson,0
2869,jharris,Laura Wilson,0
2870,laura,Laura Wilson,1
2871,oliviam,Robert White,0
2872,olivia.m,Olivia Martin,1
2873,lee_david,David Lee,1
2874,harrisj,Jessica Harris,1
2875,sjohnson,Sarah Johnson,1
2876,robertw,Robert White,1
2877,mikeb,Olivia Martin,0
2878,rwhite,Robert White,1
2879,emily,Michael Brown,0
2880,smithj,John Smith,1
2881,johnny,James Taylor,0
2882,mbrown,Michael Brown,1
2883,michaelbrown,Laura Wilson,0
2884,white.r,Sarah Johnson,0
2885,olivia.m,John Smith,0
2886,taylorj,John Smith,0
2887,david,David Lee,1
2888,martino,Olivia Martin,1
2889,j.harris,Jessica Harris,1
2890,johnny,Jessica Harris,0
2891,jamest,James Taylor,1
2892,oliviam,John Smith,0
2893,david,Sarah Johnson,0
2894,jessica,James Taylor,0
2895,rwhite,Robert White,1
2896,james_t,Sarah Johnson,0
2897,james_t,Robert White,0
2898,s.johnson,Olivia Martin,0
2899,lee_david,Laura Wilson,0
2900,l.wilson,Sarah Johnson,0
2901,d.lee,David Lee,1
2902,michael_b,Sarah Johnson,0
2903,lee_david,Michael Brown,0
2904,j.harris,Jessica Harris,1
2905,jessicah,Laura Wilson,0
2906,lwilson,Laura Wilson,1
2907,mbrown,Michael Brown,1
2908,laura.w,Laura Wilson,1
2909,davidlee,David Lee,1
2910,oliviam,Laura Wilson,0
2911,lee_david,David Lee,1
2912,olivia.m,Olivia Martin,1
2913,j.taylor,John Smith,0
2914,mikeb,Emily Davis,0
2915,oliviam,Olivia Martin,1
2916,edavis,Emily Davis,1
2917,jessicah,Jessica Harris,1
2918,john_smith,Sarah Johnson,0
2919,smithj,John Smith,1
2920,rwhite,Jessica Harris,0
2921,white.r,Emily Davis,0
2922,laura.w,Laura Wilson,1
2923,martin_olivia,David Lee,0
2924,jsmith,James Taylor,0
2925,jess,Laura Wilson,0
2926,olivia.m,Jessica Harris,0
2927,jtaylor,James Taylor,1
2928,johnny,Sarah Johnson,0
2929,sarahj,Laura Wilson,0
2930,johnsmith,John Smith,1
2931,rwhite,David Lee,0
2932,d.lee,Sarah Johnson,0
2933,em_davis,Sarah Johnson,0
2934,olivia,Robert White,0
2935,brownm,Michael Brown,1
2936,jessicah,John Smith,0
2937,jess,Jessica Harris,1
2938,em.davis,Emily Davis,1
2939,omartin,John Smith,0
2940,lee_david,David Lee,1
2941,j.taylor,James Taylor,1
2942,martin_olivia,Olivia Martin,1
2943,mbrown,John Smith,0
2944,johnny,John Smith,1
2945,laura.w,Michael Brown,0
2946,mike,Michael Brown,1
2947,rwhite,Robert White,1
2948,jamest,James Taylor,1
2949,lwilson,Laura Wilson,1
2950,laura.w,Sarah Johnson,0
2951,edavis,Emily Davis,1
2952,white.r,Robert White,1
2953,olivia.m,Laura Wilson,0
2954,jharris,Jessica Harris,1
2955,em.davis,Michael Brown,0
2956,brownm,James Taylor,0
2957,harrisj,Jessica Harris,1
2958,martin_olivia,Olivia Martin,1
2959,james,Jessica Harris,0
2960,rwhite,Robert White,1
2961,leed,Sarah Johnson,0
2962,jessicah,Jessica Harris,1
2963,l.wilson,Michael Brown,0
2964,sarahj,Olivia Martin,0
2965,l.wilson,David Lee,0
2966,mike,Sarah Johnson,0
2967,laura.w,Laura Wilson,1
2968,oliviam,John Smith,0
2969,martin_olivia,Olivia Martin,1
2970,oliviam,Olivia Martin,1
2971,robwhite,Robert White,1
2972,davisem,John Smith,0
2973,johnsons,Emily Davis,0
2974,rwhite,Robert White,1
2975,smithj,John Smith,1
2976,michaelbrown,Michael Brown,1
2977,taylorj,James Taylor,1
2978,white.r,Robert White,1
2979,leed,James Taylor,0
2980,robw,John Smith,0
2981,davidlee,James Taylor,0
2982,harrisj,Jessica Harris,1
2983,johnsons,Sarah Johnson,1
2984,l.wilson,Laura Wilson,1
2985,wilsonl,Sarah Johnson,0
2986,j.harris,Sarah Johnson,0
2987,brownm,Michael Brown,1
2988,james_t,James Taylor,1
2989,jamest,Emily Davis,0
2990,brownm,Michael Brown,1
2991,michael_b,Michael Brown,1
2992,jharris,Jessica Harris,1
2993,emily,Emily Davis,1
2994,davisem,Emily Davis,1
2995,brownm,David Lee,0
2996,mike,David Lee,0
2997,m.brown,Michael Brown,1
2998,robertw,Robert White,1
2999,dlee,David Lee,1
3000,j.smith,John Smith,1
